University,Caste-Category - Total - Male,Caste-Category - Total - Female,Caste-Category - SC - Male,Caste-Category - SC - Female,Caste-Category - ST - Male,Caste-Category - ST - Female,Caste-Category - OBC - Male,Caste-Category - OBC - Female,Out of Total - PWD - Male,Out of Total - PWD - Female,Out of Total - Muslim - Male,Out of Total - Muslim - Female,Out of Total - Other Minority Communities - Male,Out of Total - Other Minority Communities - Female,Out of Total - Foreign Students - Male,Out of Total - Foreign Students - Female
"Academy of Maritime Education and Training, Chennai (Id: U-0434)",2279,123,117,6,26,1,1336,47,0,0,57,7,139,22,40,21
ACADEMY OF SCIENTIFIC & INNOVATIVE RESEARCH (Id: U-0713),1161,578,124,40,17,5,347,112,5,0,0,0,0,0,1,0
"Acharya Nagarjuna University, Guntur (Id: U-0003)",67610,54003,14580,11560,3367,2195,24496,17648,109,36,2308,1701,292,229,0,0
"Acharya NG Ranga Agricultural University, Hyderabad (Id: U-0004)",2249,2602,375,468,234,192,1008,1239,6,5,0,0,0,0,1,1
ADESH UNIVERSITY (Id: U-0736),1114,1365,81,126,0,1,17,26,0,0,1,1,0,0,0,0
"Adikavi Nannaya University, Rajahmundry, East Godawari (Id: U-0005)",19249,19331,3636,3831,644,549,8029,7338,80,57,116,161,17,132,0,0
Ahmedabad University (Id: U-0122),3426,3374,68,42,10,12,323,260,0,0,0,0,0,0,19,19
AISECT UNIVERSITY (Id: U-0656),484,141,43,9,19,2,211,62,0,0,29,2,4,2,5,0
"AKS UNIVERSITY, SATNA (Id: U-0650)",1278,173,99,8,19,1,506,53,0,0,15,5,0,0,0,0
"Alagappa University, Alagappa Nagar, Karaikudi (Id: U-0435)",41133,58391,2581,4813,9,8,5659,16462,21,20,692,3369,306,874,1,0
"Aliah University, Kolkata (Id: U-0567)",3787,969,0,0,0,0,0,0,0,0,3680,900,22,59,0,0
"Aligarh Muslim University, Aligarh (Id: U-0496)",13697,4314,0,0,0,0,0,0,0,0,0,0,0,0,124,0
Alliance University. Bangalore (Id: U-0213),882,461,18,13,4,4,1,0,0,0,0,0,0,0,29,21
All India Institute of Medical Sciences (Id: U-0096),1464,883,141,99,54,48,266,134,13,1,0,0,0,0,76,26
"Amity University, Gautam Budh Nagar (Id: U-0497)",17655,9942,226,117,63,63,1351,616,0,0,0,0,0,0,64,4
"Amity University, Gwalior (Id: U-0604)",263,105,7,4,3,1,49,8,0,0,0,0,0,0,0,0
"Amity University Haryana, Gurgaon (Id: U-0155)",1596,712,17,13,9,3,324,104,0,0,0,0,0,0,19,8
"Amity University, Jaipur, (Id: U-0388)",2072,733,31,9,34,9,358,90,0,0,0,0,0,0,0,4
"Amrita Vishwa Vidyapeetham, Coimbatore (Id: U-0436)",8728,7742,234,189,32,25,2936,2689,1,4,163,225,408,691,11,13
"Anand Agricultural University, Anand (Id: U-0123)",1944,497,113,46,183,53,522,132,0,1,33,9,8,5,4,1
"Andhra University, Visakhapatnam (Id: U-0006)",123083,103264,15281,12674,9317,6156,47953,43302,37,29,157,186,45,153,147,27
"Annamalai University, Annamalainagar (Id: U-0443)",166356,176520,35971,36074,2722,1733,90178,110980,10,0,906,484,0,0,556,487
"Anna University, Chennai (Id: U-0439)",502903,266941,55786,28202,2419,970,306335,172894,1227,513,19062,6771,23063,14185,156,57
Ansal University (Id: U-0667),412,195,0,0,0,0,0,0,0,0,0,0,0,0,0,0
"Apeejay Stya University, Sohna (Id: U-0156)",144,63,0,0,0,0,0,0,0,0,0,0,0,0,0,0
APG (ALAKH PRAKASH GOYAL) SHIMLA UNIVERSITY (Id: U-0697),212,28,17,1,5,0,51,7,0,0,9,0,0,0,29,5
"A.P. University of Law, Vishakhapatnam (Id: U-0002)",37,41,3,0,0,0,5,3,0,0,3,0,0,0,0,0
"Arni University, Katgarh (Indora), Kangra (Id: U-0176)",1395,375,143,25,65,7,275,48,0,0,97,12,0,0,0,0
"Aryabhatta Knoweledge University , Patna (Id: U-0057)",10116,2184,961,213,80,62,3162,622,30,7,492,36,19,37,0,0
"Assam Agricultural University, Jorhat (Id: U-0048)",823,785,3,1,13,6,17,6,0,0,0,0,5,0,3,1
"Assam Don Bosco University, Guwahati (Id: U-0049)",750,455,28,16,113,94,187,106,0,0,12,8,119,108,0,0
ASSAM DOWN TOWN UNIVERSITY (Id: U-0683),1108,700,0,0,0,0,0,0,0,0,0,0,0,0,1,0
"Assam University, Silchar (Id: U-0050)",10177,12478,1288,1525,1439,1572,2337,3206,5,2,2303,2347,65,61,3,3
ATAL BIHARI VAJPAYEE HINDI VISHWAVIDYALAYA (Id: U-0651),3,3,0,0,0,0,0,1,0,0,0,0,0,0,0,0
"Atal Bihari Vajpayee Indian Institute of Information Technology and Management, Gwalior (Id: U-0267)",693,207,94,21,44,5,202,45,5,0,10,1,1,0,0,0
"Avinashilingam Institute for Home Science & Higher Education for Women, Coimbatore (Id: U-0444)",0,6184,0,729,0,46,0,4434,0,18,0,417,0,263,0,1
"Awadesh Pratap Singh University, Rewa (Id: U-0268)",39523,36341,4417,2356,4136,2438,11166,10088,624,744,176,226,1,12,0,0
"Ayush and Health Science University of Chattisgarh, Raipur (Id: U-0081)",4765,14138,301,1116,372,1788,558,2449,4,8,7,43,97,690,0,0
"Azim Premji University, Bangalore (Id: U-0601)",135,89,4,1,0,0,31,5,0,0,0,0,0,0,0,2
"Baba Farid University of Health & Medical Sciences, Faridkot (Id: U-0371)",8235,34670,785,1812,4,15,106,584,1,5,18,18,1404,4358,146,196
"Baba Ghulam Shah Badshah University, Jammu (Id: U-0191)",1217,330,38,18,85,30,20,7,0,0,935,261,1,0,0,0
BABA MASTNATH UNIVERSITY (Id: U-0666),84,50,8,1,0,0,13,3,0,0,0,0,0,0,0,0
"Babasaheb Bhimrao Ambedkar Bihar University, Muzaffarpur (Id: U-0058)",99118,66630,9356,5433,1059,451,36129,20555,121,46,4236,2149,509,57,7,0
"Babasheb Bhimrao Ambedkar University, Lucknow (Id: U-0498)",1307,809,672,344,64,26,120,79,19,5,0,0,0,0,3,0
"Babu Banarsi Das University, Lucknow (Id: U-0499)",2723,997,197,54,8,2,750,215,0,0,378,94,10,12,0,2
"Baddi University of Emerging Sciences and Technology, Budha (Makhnumajra), Solan (Id: U-0177)",1921,631,163,28,73,34,191,48,0,0,0,0,0,0,0,0
"Bahra University, Solan (Id: U-0597)",1174,315,95,18,15,6,33,4,1,0,0,0,0,0,0,0
"Banaras Hindu University, Banaras (Id: U-0500)",18148,14355,2137,1856,817,568,4769,4043,270,143,0,612,187,169,358,207
Banasthali Vidyapith (Id: U-0389),369,10501,4,344,7,164,56,1352,0,18,0,0,2,2,0,9
"Bangalore University, Bangalore (Id: U-0215)",119665,123981,19656,19310,5010,4150,45753,50791,187,121,6656,7310,3616,6861,2235,882
"Barkatullah University, Bhopal (Id: U-0269)",78720,76962,10554,9975,4205,4082,30084,30421,313,374,5315,4391,241,575,11,7
"Bastar Vishwavidyalaya, Bastar (Id: U-0082)",8202,7066,385,364,4217,3014,2315,1940,8,2,56,71,49,57,0,0
"Berhampur University, Berhampur (Id: U-0350)",27133,25757,5015,3262,4268,2332,3522,4184,121,45,10,24,72,55,0,0
"Bhagat Phool Singh Mahila University, Khanpur Kalan, Sonipat (Id: U-0157)",0,4102,0,340,0,0,0,553,0,12,0,3,0,2,0,0
"Bhagwant University, Ajmer (Id: U-0390)",3241,343,242,33,163,19,914,93,0,0,19,2,0,0,79,14
"Bharathiar University, Coimbatore (Id: U-0447)",99058,120473,13197,15556,619,578,52384,71774,380,320,3614,2597,3131,3537,412,199
"Bharathidasan University, Tiruchirappalli (Id: U-0448)",61678,134921,16596,29750,964,1297,28414,80098,100,169,2497,3496,1633,6234,83,91
Bharath Institute of Higher Education & Research (Id: U-0446),1477,372,131,50,36,12,755,155,0,0,0,0,0,0,0,0
"Bharati Vidyapeeth, Pune (Id: U-0292)",12174,9122,361,351,95,71,1044,659,3,3,333,250,284,468,334,189
Bharat Ratana Dr. B. R. Ambedkar University (Id: U-0097),361,747,51,49,31,56,50,60,5,3,0,0,0,0,3,5
"Bhatkhande Music Institute, Lucknow (Id: U-0501)",590,715,1,47,1,28,4,60,0,4,0,0,0,0,0,0
"Bhupendra Narayan Mandal University, Madhepura (Id: U-0059)",88535,53818,5903,3101,1593,973,50140,30818,91,94,11391,7072,34,35,1,2
"Bidhan Chandra Krishi Vishwavidyalaya , Nadia (Id: U-0568)",652,323,0,0,0,0,0,0,0,0,0,0,0,0,0,0
"Bihar Agriculture University, Sabour (Id: U-0060)",563,301,143,61,17,9,261,133,1,1,0,0,0,0,0,0
"Biju Patnaik University of Technology, Rourkela (Id: U-0351)",54890,20285,2664,958,1639,652,5172,1640,50,42,557,160,54,33,0,0
BILASPUR VISHWAVIDYALAYA (Id: U-0636),30067,33823,6353,5572,4981,5518,11587,13641,39,24,279,418,58,58,0,0
"Birla Institute of Technology, Ranchi (Id: U-0202)",2685,977,324,76,282,104,273,92,0,0,91,36,219,93,0,0
"Birla Institute of Technology & Sciences, Pilani (Id: U-0391)",6814,1837,0,0,0,0,0,0,0,0,0,0,0,0,0,0
"Birsa Agricultural University, Ranchi (Id: U-0203)",149,61,6,10,16,15,12,7,0,0,0,0,0,0,0,0
"B.L.D.E. University, Bijapur (Id: U-0214)",471,427,11,5,5,1,39,35,0,0,0,0,0,0,0,0
B.S. Abdur Rahman Institute of Science & Technology (Id: U-0445),3783,1119,107,40,0,0,3153,831,0,0,2159,330,74,34,3,3
"Bundelkhand University, Jhansi (Id: U-0502)",83044,80008,16496,15001,82,47,33961,34612,29,14,2629,3046,1358,1539,1,0
"Burdwan University, Burdwan (Id: U-0569)",140476,123055,26653,18329,6182,4136,11795,8865,428,186,15258,14703,104,100,20,15
"Calcutta University, Kolkata (Id: U-0570)",165973,151325,27708,20681,1679,1524,4128,2929,187,107,16139,16597,1008,2202,64,49
"Calicut University, Thenhipalem, Malapuram (Id: U-0251)",46861,77523,3606,8326,516,898,22576,36682,276,182,11717,16185,3287,7113,49,4
"CAREER POINT UNIVERSITY, HAMIRPUR (Id: U-0694)",69,26,9,5,1,0,2,1,0,0,0,0,0,0,0,0
"Carlox Teacher's University, Ahmedabad (Id: U-0125)",179,160,5,4,149,129,15,10,0,0,0,0,0,0,0,0
"Central Agricultural University, Imphal (Id: U-0336)",861,769,49,33,475,471,156,118,0,0,2,3,286,279,1,0
"Central Institute of Fisheries Education, Fishries University, Mumbai (Id: U-0293)",251,117,38,9,16,4,50,32,2,0,12,4,0,0,9,2
"Central Institute of Higher Tibetan Studies, Varanasi (Id: U-0503)",305,124,0,0,36,20,0,0,0,0,0,0,289,109,1,1
"Central Univeristy of Gujarat, Gandhinagar (Id: U-0126)",343,194,88,31,29,18,113,46,5,2,0,0,0,0,0,0
"Central Univeristy of Kerala, Trivandrum (Id: U-0252)",144,318,17,26,5,11,75,187,4,0,31,28,18,34,0,0
"Central University of Bihar, Patna (Id: U-0062)",133,95,13,7,1,3,58,28,0,0,9,6,0,1,0,0
"Central University of Haryana, Mahendergarh (Id: U-0158)",67,63,12,17,1,0,38,21,0,1,3,0,0,0,0,0
"Central University of Himachal Pradesh, Dharmshala, Kangra (Id: U-0178)",355,382,93,58,39,29,64,47,0,1,0,0,0,0,0,0
CENTRAL UNIVERSITY OF JAMMU (Id: U-0631),107,150,17,30,10,9,14,22,0,1,34,9,0,14,0,0
"Central University of Jharkhand, Ranchi (Id: U-0204)",486,403,38,16,43,24,146,82,3,0,1,0,43,22,0,0
"Central University of Karnataka, Gulbarga (Id: U-0216)",259,162,46,32,21,7,81,35,3,3,0,0,0,0,0,0
"Central University of Kashmir, Srinagar (Id: U-0193)",319,189,7,2,27,0,24,2,5,0,312,187,0,0,0,0
"Central University of Orissa, Koraput (Id: U-0352)",176,193,48,44,27,31,49,35,0,1,0,0,0,0,0,0
"Central University of Punjab, Bathhinda (Id: U-0372)",85,108,9,11,5,0,17,10,0,0,20,1,29,50,0,0
"Central University of Rajasthan, Jaipur (Id: U-0392)",405,245,62,19,30,10,173,88,16,4,15,10,3,4,0,3
"Central University of Tamil Nadu, Tiruvarur (Id: U-0449)",226,266,30,28,3,1,40,46,0,0,18,4,15,17,0,0
"Centre for Environmental Planning and Technology University, Ahmedabad (Id: U-0127)",725,678,34,23,7,6,136,94,1,1,0,0,0,0,0,0
Centurion University of Technology and Management (Id: U-0353),1202,241,108,14,30,4,475,86,0,0,16,2,0,0,0,0
"Chandra Shekhar Azad University of Agriculture & Technology, Kanpur (Id: U-0504)",92,57,13,10,0,0,46,26,0,0,0,0,0,0,0,0
"Chankaya National Law University, Patna (Id: U-0063)",276,256,24,28,1,1,90,73,4,3,13,9,0,0,0,0
"Charotar University of Science & Technology, Anand (Id: U-0128)",6720,3046,420,136,198,108,1204,420,0,0,0,0,0,0,0,0
"Chatrapati Sahuji Maharaj Kanpur University, Kanpur (Id: U-0505)",474113,483152,79568,79671,3273,3085,197947,196428,1520,5913,12045,13931,413,427,18,2
"Chaudhary Charan Singh Haryana Agricultural University, Hisar (Id: U-0159)*",0,0,0,0,0,0,0,0,0,0,0,0,0,0,0,0
"Chaudhary Sarwan Kumar Himachal Pardesh Krishi Vishvavidyalaya, Palampur (Id: U-0179)",535,917,54,60,23,46,0,0,0,0,0,0,0,0,2,0
"Ch. Devi Lal University, Sirsa (Id: U-0160)",15888,17364,2980,2237,2,16,2901,3040,75,26,114,29,1064,847,0,0
"Chennai Mathematical Institue, Chennai (Id: U-0450)",158,13,0,0,0,0,0,0,0,0,0,0,0,0,0,0
"Chettinad Academy of Research & Education, Kancheepuram (Id: U-0451)",398,752,14,71,6,6,283,450,1,1,29,45,50,118,6,10
CHHATTISGARH KAMDHENU VISHWAVIDALAYA (Id: U-0634),223,99,35,18,36,18,89,38,0,0,0,0,0,0,1,0
"Chhattisgarh Swami Vivekanand Technical University, Bhilai (Id: U-0083)",47131,17981,3781,1316,3711,1480,15126,4490,78,29,453,179,148,100,20,2
"Children University, Gandhinagar (Id: U-0594)*",0,0,0,0,0,0,0,0,0,0,0,0,0,0,0,0
"Chitkara University, Kalu Jhanda (Barotiwala), Solan (Id: U-0180)",2245,1200,37,23,6,8,107,30,0,0,0,0,0,0,3,0
"Chitkara University, Patiala (Id: U-0373)",2366,1698,32,0,0,0,0,0,0,0,0,0,0,0,0,0
"Choudhary Charan Singh University, Meerut (Id: U-0506)",73100,80762,14562,16998,184,139,25967,29109,18,41,2862,3306,136,519,8,5
"Christ University, Bangalore (Id: U-0217)",5641,5194,89,71,48,71,212,116,0,0,307,233,2193,1673,201,159
"Cochin University of Science & Technology, Kochi (Id: U-0253)",16957,13721,1089,864,119,76,5479,5318,47,12,1304,1086,536,653,7,1
Dakshina Bharat Hindi Prachar Sabha (Id: U-0452),1333,1936,160,212,43,86,316,521,0,0,0,0,0,0,0,0
"Datta Meghe Institute of Medical Sciences, Nagpur (Id: U-0295)",862,1681,36,139,8,29,170,353,0,0,2,31,7,42,6,11
"Davangere University, Davangere (Id: U-0218)",23601,24487,5367,3632,3599,2851,11433,12992,25,17,751,879,77,162,0,5
"Dayalbagh Educational Institute, Agra (Id: U-0507)",2676,3949,391,602,90,66,960,1044,7,3,8,6,0,0,15,4
"Deccan College Postgraduate & Research Institute, Pune (Id: U-0296)",35,63,4,2,0,1,1,6,1,0,0,0,0,0,8,10
"Deenbandhu Chhotu Ram University of Science & Technology, Murthal(Sonepat) (Id: U-0161)",12764,3598,493,79,50,2,1215,206,3,0,82,12,158,62,14,1
"Deen Dayal Upadhyay Gorakhpur University, Gorakhpur (Id: U-0508)",138203,171035,25179,27706,1754,2126,66773,78671,345,250,6955,11013,300,373,1,0
"Defence Institute of Advanced Technology, Girinagar, Pune (Id: U-0297)",150,16,5,0,1,0,9,3,0,0,2,0,0,0,0,0
Delhi Technological University (Id: U-0098),5517,1013,858,157,320,88,1041,139,84,13,0,0,0,0,0,0
"Devi Ahilya Vishwavidyalaya, Indore (Id: U-0270)",86866,77256,8241,7111,15292,12789,26833,22584,136,276,1662,1630,549,1608,2,0
"Dev Sanskrit Vishwavidyalaya Gayatrikunj, Haridwar (Id: U-0551)",615,929,26,36,4,9,172,227,1,0,0,0,0,0,3,4
"Dharmsinh Desai univeristy, Nadiad (Id: U-0129)",3840,2168,184,98,181,86,797,413,0,0,0,0,0,0,0,0
"Dhirubhai Ambani Institute of Information & Communication Technology, Gandhi Nagar (Id: U-0130)",952,304,83,19,24,16,29,4,2,1,0,0,0,0,2,0
"Dibrugarh University, Dibrugarh (Id: U-0051)",42931,54224,2933,4095,8162,9834,17990,23227,45,43,1046,2286,390,431,1,1
"Doon University, Dehradun (Id: U-0552)",150,260,13,12,5,8,10,9,0,0,2,0,0,0,0,1
"Dravidian University, Kuppam, Chittoor District (Id: U-0010)",3808,1889,261,91,28,16,638,245,0,0,0,1,0,0,0,0
"Dr. Babasaheb Ambedkar Marathwada University, Aurangabad (Id: U-0298)",122587,63538,12265,7006,1776,736,19648,9590,222,97,5254,2739,1098,593,404,38
"Dr. Babasaheb Ambedkar Open University, Ahmedabad (Id: U-0131)",20222,15148,5823,3687,3304,1799,4058,3212,0,0,0,0,0,0,0,0
"Dr. Babasaheb Ambedkar Technological University, Lonere (Id: U-0299)",1770,768,230,105,85,31,680,281,3,4,27,9,10,4,0,0
"Dr. Balasaheb Sawant Konkan Krishi Vidyaapeeth,(former Konkan Krishi Vidyapeeth) Ratnagiri (Id: U-0300)",2867,1348,231,134,146,51,503,263,4,2,27,8,8,6,0,0
"Dr. B. R. Ambedkar National Institute of Technology, Jalandhar (Id: U-0374)",2612,647,390,100,187,24,780,128,55,10,51,4,353,108,0,0
"Dr. B. R. Ambedkar Open University, Hyderabad (Id: U-0007)",104566,80985,24355,16369,9132,5261,49332,38292,0,0,2977,2380,970,956,0,0
"Dr. B. R. Ambedkar University, Agra (Id: U-0509)",115509,112385,22242,20278,456,584,44085,40269,3737,3252,2962,3899,320,516,1,6
"Dr.B.R.Ambedkar University, Etcherla (Id: U-0009)",18802,15063,1828,1596,1038,838,13980,10851,5,2,3,8,0,1,0,0
"Dr. C. V. Raman University, Kota Bilaspur (Id: U-0084)",7021,3882,942,426,1058,603,2963,1418,0,0,0,0,0,0,0,0
"Dr. D.Y.Patil Vidyapeeth, Pune (Id: U-0301)",1382,1807,0,0,0,0,0,0,0,0,8,1,0,0,15,16
"Dr. Harisingh Gaur Vishwavidyalaya, Sagar (Id: U-0271)",49425,48507,9545,7386,3232,2983,21786,20806,242,96,643,675,171,224,0,0
"Dr K N Modi University, Tonk (Id: U-0393)",468,68,73,10,47,2,131,7,1,0,40,2,11,12,56,0
"Dr. N.T.R. University of Health Sciences, Vijaywada (Id: U-0008)",3174,13054,652,3022,248,618,996,3089,0,17,141,483,13,165,14,16
"Dr. Punjarao Deshmukh Krishi Vidyapeeth, Akola (Id: U-0302)",15242,710,70,40,20,5,438,95,0,0,9,0,3,0,0,0
"Dr. Ram Manohar Lohia Awadh University, Faizabad (Id: U-0510)",144476,149920,25402,29345,457,725,49205,59264,78,103,7217,8149,57,16,0,0
"Dr. Ram Manohar Lohiya National Law University, Lucknow (Id: U-0511)",440,347,97,76,1,3,123,93,0,0,0,0,10,10,0,0
"Dr. Y.S. Parmar University of Horticulture and Forestry, Solan (Id: U-0181)",501,737,45,73,37,41,0,0,0,0,0,0,0,0,0,0
Dr Y S R Horticulture University (Id: U-0001),171,251,26,51,13,14,104,139,0,0,0,0,0,0,0,0
"D.Y. Patil Educational Society , Kolhapur (Id: U-0294)",1055,658,42,36,6,2,176,96,0,0,0,0,0,0,0,0
"Eternal University, Baru Sahib Sirmour (Id: U-0182)",95,731,10,54,0,11,4,80,0,0,0,4,18,426,0,1
"Fakir Mohan University, Balasore (Id: U-0354)",22519,25259,2469,2672,816,718,4725,6789,81,19,315,867,31,8,0,0
"Forest Research Institute, Dehradun (Id: U-0553)",167,94,18,4,9,3,51,22,0,0,4,1,0,0,11,4
GALGOTIAS UNIVERSITY (Id: U-0643),3328,962,34,11,2,0,442,63,0,0,3,0,0,0,24,2
"Gandhigram Rural Institute, Dindigul (Id: U-0453)",798,1465,234,370,28,16,479,986,4,10,3,13,1,4,7,6
"Gandhi Institute of Technology & Management (GITAM) University, Visakhapatnam (Id: U-0011)",20139,9016,341,111,57,16,2664,906,0,0,0,0,0,0,2,1
"Ganpat Univeristy, Vidyanagar, Gandhinagar (Id: U-0132)",5679,2374,183,72,109,50,1007,301,2,1,47,4,3,4,5,1
"Gauhati University, Guwahati (Id: U-0052)",110295,110655,8318,7860,13474,13463,18614,19872,120,60,17589,14633,1270,1209,15,3
"Gautam Buddha University, Greater Noida, Gautam Budh Nagar (Id: U-0514)",1725,600,356,117,1,3,407,147,0,0,0,0,0,0,0,0
"Gautam Buddh Technical University, Lucknow (Id: U-0549)",47489,12140,7506,1382,159,31,11438,2557,78,9,2140,354,136,71,2,0
"G.B. Pant Universtiy of Agriculture and Technology, Pantnagar (Id: U-0554)",2289,1540,386,261,79,55,242,182,0,0,0,0,0,0,1,0
"G.L.A University, Mathura (Id: U-0513)",3157,1041,204,61,13,2,772,154,4,2,39,11,2,1,0,0
"Goa University, Goa (Id: U-0121)",11662,18073,166,230,723,1141,1501,2480,11,9,479,535,1691,2951,133,16
"Gokhale Institute of Politics & Economics, Pune (Id: U-0303)",106,176,6,3,2,1,13,5,2,0,3,3,9,9,4,3
"GONDWANA UNIVERSITY, GADCHIROLI (Id: U-0658)",23197,25987,4972,6012,3282,3284,8898,10990,59,69,268,347,45,82,0,0
GRAPHIC ERA HILL UNIVERSITY (Id: U-0638),1614,628,0,0,0,0,0,0,0,0,0,0,0,0,0,0
"Graphic Era University, Dehradun (Id: U-0555)",4977,1995,0,0,0,0,0,0,0,0,0,0,0,0,0,0
"Gujarat Ayurveda University, Jamnagar (Id: U-0133)",903,1495,51,87,70,151,161,264,3,1,14,14,0,0,36,34
"Gujarat Forensic Science University, Gandhinagar (Id: U-0593)",125,92,5,0,1,2,9,8,0,0,0,0,0,0,0,1
"Gujarat National Law University, Gandhinagar (Id: U-0134)",399,358,55,45,19,25,6,7,11,7,0,0,0,0,0,0
"Gujarat Technological University, Ahmedbabd (Id: U-0135)",236896,58536,13301,3409,11727,3118,50773,10285,209,45,3911,745,211,100,21,11
"Gujarat University, Ahmedabad (Id: U-0136)",122389,107955,11185,10716,12211,9930,32039,23601,302,136,3601,3719,459,492,67,49
"Gujarat Vidyapith, Ahmedabad (Id: U-0137)",999,656,123,76,241,250,409,140,4,2,8,5,0,0,1,3
"Gulbarga University, Gulbarga (Id: U-0219)",36448,27039,9200,5178,3073,1479,20298,16851,131,65,1717,1825,84,91,0,0
"Guru Angad Dev Veterinary & Animal Sciences University, Ludhiana (Id: U-0375)",549,195,108,25,1,2,2,2,0,0,0,0,48,16,11,1
"Guru Ghasidas Vishwavidyalaya, Bilaspur (Id: U-0085)",3245,1774,529,239,303,224,1027,464,0,0,0,0,0,0,0,0
"Guru Jambheshwar University of Science and Technology, Hissar (Id: U-0162)",15574,7850,3523,1555,4,0,2468,1060,21,6,12,5,3,1,25,2
GURU KASHI UNIVERSITY (Id: U-0653),1088,349,225,63,0,0,91,12,0,0,0,0,10,7,0,0
"Gurukul Kangri Vishwavidyalaya, Haridwar (Id: U-0556)",3249,751,419,90,80,3,911,143,24,3,4,0,6,3,0,0
"Guru Nanak Dev University, Amritsar (Id: U-0376)",32707,42942,2985,5872,3,8,1311,3680,17,14,29,77,2621,7623,0,4
"Hemchandracharya North Gujart University, Patan (Id: U-0138)",78506,64320,9657,7090,4962,4916,32458,18695,126,84,1773,951,2,3,0,0
"Hemwati Nandan Bahuguna Garhwal Univeristy, Srinagar, Garhwal (Id: U-0557)",40042,59427,4536,6299,782,1395,4689,8276,16,10,451,637,59,220,48,3
"Hidayatullah National Law University, Raipur (Id: U-0086)",357,314,33,40,44,34,39,19,5,2,11,5,20,20,0,0
"HIHT University, Dehradun (Id: U-0558)",363,335,0,0,0,0,0,0,0,0,0,0,0,0,0,0
"Himachal Pradesh Technical University, Hamirpur (Id: U-0598)",7859,2805,1256,375,404,107,925,233,1,1,61,13,8,5,0,2
"Himachal Pradesh University , Shimla (Id: U-0183)",56418,75860,9341,11317,2689,3617,5441,8621,27,175,147,118,78,191,3,3
"Himgiri Zee University, Dehradun (Id: U-0559)",75,109,10,9,5,11,12,25,0,0,0,0,0,0,0,0
"Hindustan Institute of Technology and Science, Kancheepuram (Id: U-0454)",4100,769,150,10,64,8,133,27,0,0,0,0,0,0,68,0
"Homi Bhabha Natioanal Institute Knowledge Management Group, Mumbai (Id: U-0304)",390,100,10,2,1,1,77,14,0,0,0,0,0,0,0,0
"Homoeopathy University, Jaipur (Id: U-0607)",202,249,27,26,7,9,66,65,0,0,0,0,0,0,0,0
"ICFAI Foundation for Higher Education, Hyderabad (Id: U-0012)",1725,1043,0,0,0,0,0,0,0,0,0,0,0,0,0,0
ICFAI UNIVERSITY (Id: U-0635),30,1,4,0,0,0,9,0,0,0,1,1,0,0,0,0
IEC (INDIA EDUCATION CENTRE) UNIVERSITY (Id: U-0696),278,58,24,3,15,1,27,1,0,0,3,1,42,12,0,0
"IFTM University, Moradabad (Id: U-0515)",2641,932,0,0,0,0,0,0,0,0,0,0,0,0,0,0
"I.I.S. University, Jaipur (Id: U-0394)",116,3805,1,66,1,39,21,496,0,1,0,23,0,1,0,19
Indian Agricultural Research Institute (KRISHI PUSHA) New Delhi. (Id: U-0101),734,214,118,34,48,20,143,27,17,3,0,0,0,0,7,4
"Indian Institute of Foreign Trade, Delhi (Id: U-0102)",1079,204,63,9,8,4,61,4,10,1,0,0,0,0,1,1
"Indian Institute of Information Technology, Allahabad (Id: U-0516)",1534,323,232,50,98,17,419,69,37,4,46,1,24,3,41,3
"Indian Institute of Information Technology, Design & Manufacturing, Kancheepuram (Id: U-0455)",276,67,41,9,17,3,77,15,6,1,4,2,7,1,1,1
"Indian Institute of Science, Bangalore (Id: U-0220)",2400,732,111,20,54,8,224,21,0,0,0,0,0,0,7,6
"Indian Institute of Science Education & Research (IISER), Bhopal (Id: U-0272)",316,162,39,22,9,3,93,52,2,1,27,8,18,26,0,0
"Indian Institute of Science Education & Research (IISER), Kolkata, (Id: U-0572)",455,161,57,14,12,4,51,8,0,0,0,0,0,0,0,0
"Indian Institute of Science Education & Research (IISER), Mohali (Id: U-0377)",214,112,21,11,3,4,56,18,4,0,0,0,0,0,0,0
"Indian Institute of Science Education & Research (IISER), Pune, (Id: U-0305)",457,213,41,21,16,3,120,42,1,1,0,0,0,0,0,0
"Indian Institute of Science Education & Research (IISER), Thiruvananthapuram (Id: U-0254)",228,172,31,19,7,4,62,53,0,0,5,5,9,7,0,0
"Indian Institute of Space Science and Technology, Thiruvananthapuram (Id: U-0255)",550,96,81,9,30,3,117,20,0,0,0,0,0,0,0,0
"INDIAN INSTITUTE OF TEACHER EDUCATION, GANDHINAGAR (Id: U-0664)",37,47,1,1,0,7,21,21,0,0,1,0,0,0,0,0
"INDIAN INSTITUTE OF TECHNOLOGY (BANARAS HINDU UNIVERSITY), VARANASI (Id: U-0701)",4171,544,611,90,252,32,931,104,48,7,0,0,0,0,0,0
"Indian Institute of Technology, Bhubaneshwar (Id: U-0355)",476,58,73,8,34,3,131,14,4,1,6,2,19,1,0,0
"Indian Institute of Technology, Chennai (Id: U-0456)",6050,1283,620,139,278,50,1387,298,0,0,0,0,0,0,5,0
"Indian Institute of Technology, Delhi (Id: U-0100)",8050,1802,1048,176,365,77,1686,248,68,11,0,0,0,0,30,3
"Indian Institute of Technology, Gandhinagar (Id: U-0139)",522,74,67,5,35,2,136,11,5,0,0,0,0,0,0,0
"Indian Institute of Technology, Guwahati (Id: U-0053)",3983,579,605,75,263,47,937,94,57,6,0,0,0,0,10,6
"Indian Institute of Technology, Hyderabad (Id: U-0013)",911,164,109,31,48,12,278,35,3,3,0,0,0,0,0,0
"Indian Institute of Technology, Indore (Id: U-0273)",478,84,61,11,30,2,129,16,5,0,0,0,0,0,0,0
"Indian Institute of Technology, Jodhpur (Id: U-0395)",568,65,83,7,43,2,158,15,5,0,12,1,6,0,0,0
"Indian Institute of Technology, Kaharagpur (Id: U-0573)",8076,1426,1160,195,486,69,1758,212,88,18,0,0,0,0,0,0
"Indian Institute of Technology, Kanpur (Id: U-0517)",4944,661,614,85,253,30,1082,96,59,1,0,0,0,0,0,0
"Indian Institute of Technology, Mandi (Id: U-0184)",438,43,62,5,28,6,121,9,2,1,0,0,0,0,0,0
"Indian Institute of Technology, Mumbai (Id: U-0306)",1806,347,253,29,80,18,444,58,0,0,0,0,0,0,0,0
"Indian Institute of Technology, Patna (Id: U-0064)",524,60,71,8,32,4,140,13,1,0,0,0,0,0,0,0
"Indian Institute of Technology, Roorkee (Id: U-0560)",6424,1181,899,185,365,50,1495,186,0,0,0,0,0,0,31,1
"Indian Institute of Technology, Ropar (Id: U-0378)",456,51,63,9,36,2,118,9,2,0,0,0,0,0,0,0
"Indian Law Institute, Bhagwandas Road, New Delhi (Id: U-0103)",255,142,18,8,5,4,29,14,0,0,0,0,0,0,0,0
Indian Maritime University (Id: U-0457),968,0,42,0,11,0,0,0,0,0,0,0,0,0,0,0
"Indian School of Mines, Dhanbad (Id: U-0205)",4095,295,226,4,99,4,406,5,0,0,0,0,0,0,0,0
"Indian Statistical Institute, Kolkata (Id: U-0574)",314,85,8,3,0,0,27,1,0,0,8,0,0,0,0,0
"Indian Veterinary Research Institute, Izatnagar (Id: U-0518)",166,48,22,9,13,3,69,17,4,1,0,0,0,0,0,0
"Indira Gandhi Institute of Development Research, Mumbai (Id: U-0307)",30,41,7,3,3,1,0,0,0,0,0,0,0,0,0,0
"Indira Gandhi Institute of Medical Sciences, Patna (Id: U-0065)",356,428,55,53,10,4,84,170,0,10,0,0,0,0,0,0
"Indira Gandhi Krishi Vishwavidyalaya, Raipur (Id: U-0087)",3093,1302,450,207,716,318,1257,409,31,3,16,3,4,1,0,0
Indira Gandhi National Open University (Id: U-0104),335101,275782,29206,20477,21963,21494,81193,55349,1,0,1,0,3,0,0,0
"Indira Gandhi National Tribal University, Amarkantak (Id: U-0290)",973,652,109,58,462,319,224,127,0,1,4,0,0,0,0,0
"Indira Kala Sangit Vishwavidyalaya, Khairagarh (Id: U-0088)",1773,2375,160,135,92,100,398,398,3,1,4,2,4,56,4,7
"Indraprastha Institute of Information Technology, Delhi (Id: U-0105)",390,223,51,33,4,0,39,23,0,0,0,0,0,0,0,0
"Indus International University, Bathu, Una (Id: U-0185)",366,106,0,0,0,0,0,0,0,0,0,0,0,0,0,0
INDUS UNIVERSITY (Id: U-0663),669,161,26,5,5,0,105,18,0,0,0,0,0,0,1,0
"Institute of Advanced Studies in Education, Churu (Id: U-0396)",4082,2912,78,41,34,23,230,356,0,0,0,0,0,0,0,0
"Institute of Chartered Financial Analysts of India University, Aizawl (Id: U-0346)",326,137,3,2,309,130,0,0,0,0,2,0,309,130,0,0
"Institute of Chartered Financial Analysts of India University, Meghalaya (Id: U-0343)",80,59,0,3,66,53,3,0,0,0,0,0,0,0,0,0
"INSTITUTE OF CHARTERED FINANCIAL ANALYSTS OF INDIA UNIVERSITY, SOLAN (Id: U-0695)*",0,0,0,0,0,0,0,0,0,0,0,0,0,0,0,0
"Institute of Chatertered Financial Analysts of India, Dehradun (Id: U-0561)",1055,339,0,0,0,0,0,0,0,0,0,0,0,0,0,0
"Institute of Chemical Technology, Mumbai (Id: U-0308)",909,554,116,57,10,3,156,113,0,0,4,0,9,4,0,0
"Institute of Liver and Bilary Sciences, New Delhi (Id: U-0106)",15,1,0,0,0,0,0,0,0,0,0,0,0,0,0,0
"Integral University, Lucknow (Id: U-0519)",5938,1690,80,31,18,3,1511,331,0,0,3997,903,10,9,0,0
"International Institute for Population Sciences, Mumbai (Id: U-0309)",196,108,44,8,12,6,57,20,5,0,16,2,6,5,0,0
"International Institute of Information Technology, Bangalore (Id: U-0221)",335,249,0,0,0,0,0,0,0,0,0,0,0,0,0,1
"International Institute of Information Technology, Hyderabad (Id: U-0014)",1135,273,1,0,0,1,48,17,0,0,2,1,0,0,3,0
"Invertis University, Bareily (Id: U-0520)",2262,720,165,33,0,1,831,181,5,3,387,67,1071,449,0,0
"Islamic University of Science & Technology, Pulwama (Id: U-0194)",1361,856,0,0,0,0,0,0,0,0,0,0,0,0,0,0
ITM UNIVERSITY (Id: U-0633),241,86,16,2,13,2,52,3,0,0,0,0,0,0,0,0
"ITM University, Gurgaon (Id: U-0163)",2079,955,14,5,0,0,0,0,0,0,3,3,1,0,0,0
"ITM UNIVERSITY, GWALIOR (Id: U-0648)",2768,870,169,38,41,14,759,139,2,0,119,16,63,30,15,2
"Jadavpur University, Kolkata (Id: U-0575)",6441,4458,1467,625,302,136,76,58,135,13,269,89,0,42,11,18
"Jagadguru Ramanandacharya Rajasthan Sanskrit University, Jaipur (Id: U-0397)",4278,2064,627,237,763,404,1064,748,3,3,2,5,0,0,0,0
Jagadguru Rambhadracharya Handicapped University (Id: U-0521),758,189,97,23,10,1,359,79,758,189,18,4,0,0,0,0
"Jagadguru Sri Shivarathreeswara University, Mysore (Id: U-0222)",1013,1168,9,10,1,2,105,114,0,0,0,2,3,2,10,6
"Jagannath University, Jaipur (Id: U-0398)",2290,480,251,18,327,9,606,67,0,0,0,0,0,0,0,0
"Jai Narain Vyas University, Jodhpur (Id: U-0399)",19325,13427,3700,1764,718,207,7459,5309,27,7,216,310,2,4,0,0
"Jain university,Bangalore (Id: U-0223)",5347,3310,116,56,56,42,1162,528,0,0,0,0,0,0,70,55
"Jain Vishva Bharati Institute, Nagaur (Id: U-0400)",2497,2746,122,62,80,35,783,915,13,2,64,24,7,2,0,0
"Jai Prakash Vishwavidyalaya, Chapra (Id: U-0066)",30296,31624,3368,2929,398,541,9161,9800,111,38,3368,3806,0,260,0,0
"Jaipur National University, Jaipur (Id: U-0401)",12455,1728,367,83,306,57,1420,299,0,0,190,28,30,31,0,0
Jamia Hamdard (Id: U-0107),2375,1837,28,36,6,3,115,61,4,2,1821,1058,11,140,289,108
Jamia Millia Islamia University (Id: U-0108),11187,4764,0,0,0,0,1227,216,176,32,3759,2030,0,0,130,83
"Janardan Rai Nagar Rajasthan Vidyapeeth, Udaipur (Id: U-0402)",3591,888,386,57,791,52,879,308,6,0,72,6,0,0,10,3
"Jawaharlal Institute of Post Graduate Medical Education & Research, Puducherry (Id: U-0368)",577,415,72,45,56,20,100,93,0,0,0,0,1,0,0,0
"Jawaharlal Nehru Centre for Advanced Scientific Research, Banaglore (Id: U-0224)",418,343,0,0,0,0,0,0,0,0,0,0,0,0,0,0
"Jawaharlal Nehru Krishi Vishwavidyalaya, Jabalpur (Id: U-0274)",1406,597,233,92,249,106,612,140,0,0,0,0,2,1,6,1
"Jawaharlal Nehru Technological University, Anantapur (Id: U-0016)",95635,52642,11450,5105,2414,1086,37634,17988,36,7,4615,2279,146,91,209,31
"Jawaharlal Nehru Technological University, Hyderabad (Id: U-0017)",115222,71651,12823,7796,7444,3207,46377,27915,85,31,7711,4454,2467,1216,39,0
"Jawaharlal Nehru Technological University, Kakinada (Id: U-0015)",154808,89354,19353,9924,3992,1725,56280,28854,115,84,3257,1721,1031,403,166,4
Jawahar Lal Nehru University (Id: U-0109),4303,3946,720,479,390,437,1472,732,155,50,0,0,0,0,28,36
Jawarharlal Nehru Architecture and Fine Art University Hyderabad (Id: U-0018),1857,1681,234,106,53,24,798,465,6,1,141,65,1,1,1,4
"Jaypee Institute of Information Technology, Noida (Id: U-0522)",3207,1419,0,0,0,0,0,0,0,0,0,0,0,0,10,5
"Jaypee University of Engeenering & Technology, Guna (Id: U-0275)",1850,426,27,7,3,0,327,45,0,0,19,3,0,0,0,0
"Jaypee University of Information Technology, Waknaghat, Solan (Id: U-0186)",1379,640,0,0,0,0,0,0,0,0,18,5,50,24,15,4
"Jiwaji University, Gwalior (Id: U-0276)",54719,49577,11018,7556,912,515,18247,13713,71,124,508,1559,144,1708,31,17
JK LAKSHMIPAT UNIVERSITY (Id: U-0657),228,44,1,0,0,0,33,3,0,0,6,0,3,0,0,0
"Jodhpur National University, Jodhpur (Id: U-0403)",2223,616,50,45,33,48,102,91,0,0,68,0,3,0,76,0
Junagadh Agricultural University (Id: U-0140),2418,852,190,76,148,86,944,288,9,1,0,0,14,4,12,6
"Jyoti Vidyapeeth Women's University, Jaipur (Id: U-0404)",0,690,0,36,0,13,0,200,0,0,0,16,0,30,0,1
"Kadi Sarva Vishwavidyalaya, Gandihnagar (Id: U-0141)",10400,7251,766,503,201,307,2851,1394,0,0,0,0,0,0,0,0
"Kakatiya University, Warangal (Id: U-0019)",104533,93341,20891,18244,17592,14475,45260,41374,46,30,2026,2515,83,145,10,4
"Kalasalingam Academy of Research and Higher Education, Srivilliputhrur (Id: U-0458)",4173,1915,147,72,2,1,3174,1608,0,0,158,22,218,174,0,0
"Kalinga Institute of Industrial Technology, Bhubaneswar (Id: U-0356)",10288,5758,277,115,1997,1385,0,0,11,2,0,0,0,0,22,1
"Kalyani University, Kalyani (Id: U-0576)",88576,71210,19635,14332,1355,783,7035,5692,671,282,21888,16803,208,219,2,3
"Kameshwar Singh Darbhanga Sanskrit Vishwavidyalaya, Darbhanga (Id: U-0067)",11273,8031,551,466,66,52,1450,1303,4,0,10,6,5,0,0,0
"Kannada University, Hampi, Kamalapura (Id: U-0226)",4279,2403,716,261,308,138,997,615,4,0,10,7,4,0,0,0
"Kannur University, Kannur (Id: U-0256)",13158,21046,598,1165,284,378,5781,10966,89,172,1575,3055,1073,1415,0,1
"KARNATAKA JANAPADA VISHWAVIDYALAYA, GOTAGODI (Id: U-0659)",114,49,19,9,10,4,64,29,0,0,0,0,0,0,0,0
Karnataka Sanskrit University (Id: U-0625),3811,183,67,17,14,2,366,31,0,0,0,0,0,0,0,0
Karnataka State Dr. Gangubai Hangal Music And Performing Arts University (Id: U-0624),40,43,17,1,2,2,4,4,1,1,0,0,1,0,0,1
"Karnataka State Law University, Hubli (Id: U-0227)",11261,4696,1733,571,407,176,2653,1309,10,4,392,218,145,160,103,74
"Karnataka State Open University, Mysore (Id: U-0228)",45698,67569,9304,10300,2848,3096,26898,42885,0,0,22,40,0,0,0,0
"Karnataka State Women University, Bijapur (Id: U-0229)",277,24493,61,2707,74,841,142,15603,0,28,0,2230,0,189,0,1
"Karnataka University, Dharwad (Id: U-0230)",43049,39476,5731,3289,2788,1585,25930,23875,175,95,1855,1889,1034,1236,14,8
"Karnataka Vetrinary, Animal & Fisheries Science University, Nandinagar (Id: U-0231)",1071,432,160,33,43,16,453,87,3,2,25,10,1,0,0,0
"Karpagam Academy of Higher Education, Coimbatore (Id: U-0459)",4161,1359,201,62,16,2,3876,1225,0,0,0,0,423,122,32,2
"Karunya Institute of Technology and Sciences, Coimbatore (Id: U-0460)",4856,3108,194,107,90,44,2309,1563,0,0,81,24,3041,2130,36,7
"Kavi Kulguru Kalidas Sanskrit Vishwavidyalaya, Ramtek (Id: U-0310)",793,1745,137,133,20,39,205,290,0,0,5,0,12,17,15,0
KAZIRANGA UNIVERSITY (Id: U-0682),338,126,1,0,29,16,101,41,3,2,38,0,0,2,0,0
"Kerala Agricultural University, Thrissur (Id: U-0257)",887,2454,82,202,16,42,464,1296,6,14,88,298,62,200,10,0
"Kerala Kalamandalam, Thrissur (Id: U-0258)",25,30,0,2,0,0,3,4,0,0,0,0,0,0,0,0
"Kerala University of Fisheries & Ocean Studies, Kochi (Id: U-0259)",87,183,9,21,6,6,47,101,0,0,0,0,0,0,0,0
KERALA UNIVERSITY OF HEALTH AND ALLIED SCIENCES (Id: U-0630),890,6404,50,259,5,22,345,1706,2,6,139,524,104,1440,0,0
"Kerala University, Thiruvananthapuram (Id: U-0260)",51444,82999,3616,6248,223,246,14819,22326,218,115,2615,4453,3577,3495,28,15
"Kerala Veterinary & Animal Science University, Wayanad (Id: U-0261)",479,700,34,63,8,15,152,221,0,0,0,0,0,0,0,0
KING GEORGE MEDICAL UNIVERSITY (Id: U-0523),376,680,58,60,10,39,117,166,0,0,21,25,3,223,0,0
"K.L.E. Academy of Higher Education and Research, Belgaum (Id: U-0225)",1647,2200,38,31,12,18,89,95,0,0,56,42,39,51,28,57
"Kolhan University, West Singhbhum (Id: U-0206)",21062,31438,998,1164,4053,6818,4231,6931,17,53,1747,3600,111,336,0,0
"Koneru Lakshmaiah Education Foundation,Guntur (Id: U-0020)",6164,2025,152,54,20,8,1239,293,0,0,18,4,0,0,9,5
"Kota University, Kota (Id: U-0387)",39636,32446,6477,4306,6671,4832,11262,9586,114,22,902,816,20,4,0,0
"Krantiguru Shyamji Krishna Verma Kachchh University, Kachchh (Id: U-0142)",7332,7283,817,399,159,114,1585,1142,16,10,227,128,5,2,45,41
"Krishna Institute of Medical Sciences Deemed University, Karad (Id: U-0311)",920,2021,35,82,4,6,121,156,0,0,4,20,0,4,18,37
"Krishna Kanta Hanidiqui State Open University, Guwahati (Id: U-0054)",40611,38157,3991,3239,4803,6097,11098,14624,0,0,0,0,0,0,0,1
"Krishna University, Machhlipattanam (Id: U-0021)",23555,23488,4526,4339,736,581,8771,8923,22,36,470,640,84,200,6,0
"Kumaun University, Nainital (Id: U-0562)",32135,48343,5491,7036,1719,3112,3329,4690,12,11,307,234,4,81,36,19
"Kurukshetra University, Kurukshetra (Id: U-0164)",89810,83020,11775,10281,67,373,16386,16321,113,40,624,308,1857,2427,38,17
"Kushabhau Thakre Patrakarita Avam Jansanchar Vishwavidyalaya, Raipur (Id: U-0089)",652,270,40,14,59,46,251,69,0,0,3,1,0,0,0,0
"Kuvempu University, Shankaraghatta, Shimoga (Id: U-0232)",63459,60587,8934,7322,2664,1837,30352,31023,51,22,7059,1779,657,295,1,0
"Lakshmibai National Institute of Physical Education, Gwalior (Id: U-0277)",677,251,102,37,81,19,222,81,0,0,0,0,0,0,12,4
Lala lajpat Rai University of Veterinary and Animal Sciences (Id: U-0165),538,101,73,22,1,1,114,16,2,0,13,1,0,0,0,0
"Lalit Narayan Mithila University, Darbhanga (Id: U-0068)",107955,80069,11166,6442,189,89,39987,28871,118,70,7595,6383,1,2,48,6
"Lingaya's University, Faridabad (Id: U-0166)",1989,703,0,0,0,0,0,0,0,0,0,0,0,0,7,0
"LNM Institute of Information Technology, Jaipur (Id: U-0405)",806,271,0,0,0,0,0,0,0,0,0,0,0,0,0,0
"Lovely Professional University, Jullunder (Id: U-0379)",24963,9169,1271,532,496,188,4873,869,0,0,0,0,0,0,628,290
"Lucknow University, Lucknow (Id: U-0524)",45995,62562,6167,6465,124,118,11676,14444,30,416,5200,8437,65,350,0,0
"Madras University, Chennai (Id: U-0462)",75592,115730,18653,24798,1262,837,37378,66680,97,262,954,6432,2594,6184,251,250
"Madurai Kamraj University, Madurai (Id: U-0463)",93648,81985,9231,9756,164,118,30490,42441,142,1275,1009,1459,375,1521,17,25
"Magadh University, Bodh Gaya (Id: U-0069)",61216,52903,7314,5003,374,170,25576,20823,51,259,1837,2479,30,17,0,0
Mahamaya Technical University (Id: U-0526),69028,17253,9544,1874,343,67,19509,3594,413,9,2549,293,207,101,0,0
"Maharaja Ganga Singh University, Bikaner (Id: U-0406)",48435,48226,9303,6548,593,500,21608,20207,39,13,967,566,523,913,0,0
Maharaja Krishnakumarsinhji Bhavnagar University (Id: U-0124),16711,13263,980,739,310,343,7634,4937,95,47,377,363,20,48,0,0
"Maharaja Sayajirao University of Baroda, Vadodara (Id: U-0143)",19253,21217,1406,1187,873,754,2996,2266,0,0,0,0,0,0,0,0
"Maharana Pratap University of Agriculture & Technology, Udaipur (Id: U-0407)",1574,881,186,98,134,58,723,250,0,1,0,2,0,0,6,4
"Maharashi Markandeshwar University, Solan (Id: U-0187)",127,74,24,4,1,2,10,5,0,0,0,0,0,0,0,0
"MAHARASHI MARKENDESHWAR UNIVERSITY, SADOPUR-AMBALA (Id: U-0641)",386,127,32,6,8,1,113,20,1,0,57,5,27,18,8,0
"Maharashtra Animal & Fishery Sciences University, Nagpur (Id: U-0312)",454,281,60,52,25,7,127,54,0,0,8,1,1,0,2,0
"Maharashtra University of Health Sciences, Nashik (Id: U-0313)",27876,29211,1314,2353,607,789,3172,4345,24,27,544,870,111,869,14,28
"Maharishi Dayanand Saraswati University, Ajmer (Id: U-0408)",40419,24364,8132,4034,4028,1563,16735,7381,25,5,943,926,8,5,0,0
"Maharishi Mahesh Yogi Vedic Vishwavidyalaya, Jabalpur (Id: U-0280)",36305,16800,2159,917,1287,503,6150,2925,149,30,858,380,363,167,0,0
"Maharishi Markandeshwar University, Mullana-Ambala (Id: U-0168)",6571,3123,180,78,27,11,681,230,0,0,123,42,372,356,117,61
"Maharishi Panini Sanskrit Vishwavidyalaya, Ujjain (Id: U-0281)",695,106,11,10,21,4,28,16,0,0,0,0,0,0,0,0
"Maharishi University of Management and Technology, Bilaspur (Id: U-0090)",2371,1793,396,313,423,270,1321,1002,0,0,0,0,0,0,0,0
"Maharshi Dayanand University, Rohtak (Id: U-0167)",116638,106313,15649,13828,193,49,29961,25444,64,72,1834,302,84,81,23,17
"Mahatama Gandhi Antarrashtriya Hindi Vishwavidyalaya, Wardha (Id: U-0314)",2099,969,311,174,90,29,707,321,0,0,0,0,0,0,20,27
"Mahatama Gandhi Gramodaya Vishwavidyalaya, Chitrakoot, Satna (Id: U-0282)",14256,6714,1386,497,530,225,4717,1876,2,0,0,3,5,1,0,0
"Mahatama Jyotiba Phule Rohikhand University, Bareilly (Id: U-0525)",149293,163621,21695,22159,160,167,45184,51815,251,189,12580,21054,373,408,0,1
"Mahatma Gandhi Kashi Vidyapeeth, Varanasi (Id: U-0527)",43861,42536,5645,6295,697,889,14719,19888,30,1507,1142,1644,17,37,0,0
"Mahatma Gandhi University, Kottayam (Id: U-0262)",69070,87357,4231,6919,855,1065,16999,24168,189,190,5822,7802,15495,19892,5,6
"Mahatma Gandhi University, Nalgonda (Id: U-0022)",1935,2118,483,554,149,146,786,1135,9,3,6,127,0,0,0,0
"MAHATMA GANDHI UNIVERSITY OF MEDICAL SCIENCES AND TECHNOLOGY, JAIPUR (Id: U-0732)",739,532,51,28,32,14,282,167,0,0,27,27,17,15,0,0
"Mahatma Jyoti Rao Phoole University, Jaipur (Id: U-0409)",1422,1253,240,196,193,136,291,278,0,0,78,16,0,0,0,0
"Mahatma Phule Krishi Vidyapeeth, Rahuri (Id: U-0315)*",0,0,0,0,0,0,0,0,0,0,0,0,0,0,0,0
"Makhanlal Chaturvedi National University of Journalism and Communication, Bhopal (Id: U-0283)",163715,0,0,0,0,0,0,0,0,0,0,0,0,0,0,0
"Malviya National Institute of Technology, Jaipur (Id: U-0410)",3003,663,454,75,193,57,735,114,41,6,0,0,0,0,33,12
"Manav Bharti University, Sultanpur, Solan (Id: U-0188)",624,118,0,0,0,0,0,0,0,0,0,0,0,0,0,0
"Manav Rachna International University, Faridabad (Id: U-0169)",4901,1426,74,10,0,0,575,58,0,0,0,0,0,0,33,10
"Mangalayatan University, Aligarh (Id: U-0528)",2070,508,141,20,3,2,649,97,3,7,0,0,141,40,0,0
"Mangalore University, Mangalore (Id: U-0233)",34590,50291,1806,2679,1107,1725,18833,31175,110,90,4883,4951,4063,4931,18,34
"Manipal Academy of Higher Education, Manipal (Id: U-0234)",9561,7664,0,0,0,0,0,0,0,0,0,0,0,0,780,966
"Manipur University, Imphal (Id: U-0337)",41286,40944,2142,2243,14639,13326,12173,15034,44,46,1115,1091,106,145,0,0
"Manonmaniam Sundaranar University, Tirunelveli (Id: U-0464)",19000,54027,2922,6538,123,187,11925,39286,33,88,710,1865,2648,8886,7,5
"MANYAWAR SHRI KANSHIRAM JI UNIVERSITY OF AGRICULTURE AND TECHNOLOGY, BANDA (Id: U-0707)",162,0,32,0,3,0,82,0,0,0,5,0,0,0,0,0
"Marathwada Agricultural University, Parbhani (Id: U-0316)",12189,5814,1361,618,722,260,3102,1721,4,1,190,46,0,0,12,0
"Martin Luther Christian University, Shillong (Id: U-0340)",461,572,0,0,425,528,4,4,0,0,0,0,0,0,2,4
"MATS University, Raipur (Id: U-0091)",10119,4017,1112,568,703,465,4171,1233,0,0,0,1,0,1,0,0
"Maulana Azad National Institute of Technology, Bhopal (Id: U-0284)",4025,821,568,107,235,48,1076,127,0,0,0,0,0,0,37,6
"Maulana Azad National Urdu University, Hyderabad (Id: U-0023)",22065,18104,213,88,712,415,4856,4130,115,65,2127,492,0,1,0,0
"Maulana Mazharul Haque Arabic & Persian University, Patna (Id: U-0070)",13970,8393,0,0,0,0,0,0,0,0,10939,7265,857,327,0,0
"Meenakshri Academy of Higher Education and Research, Chennai (Id: U-0465)",1094,1584,70,107,4,15,537,650,0,0,18,19,0,4,0,0
"Mewar University, Chittorgarh (Id: U-0411)",1227,277,88,17,25,0,418,44,0,0,0,0,0,0,0,0
"MGM Institute of Health Sciences, Navi Mumbai (Id: U-0317)",892,1369,20,27,1,6,40,64,0,0,69,51,7,146,22,3
"M.G.R. Educational and Research Institute, Chennai (Id: U-0461)",8298,1257,727,175,290,58,4596,688,0,0,0,0,0,0,6,5
"Mizoram University, Aizwal (Id: U-0345)",10509,10283,43,28,9850,9504,84,63,5,5,9,4,3142,3252,0,0
"Mody Institute of Technology & Science, Sikar (Id: U-0412)",0,2241,0,0,0,0,0,0,0,0,0,0,0,0,0,0
"Mohammad Ali Jauhar University, Rampur (Id: U-0529)",369,30,3,0,0,0,155,5,1,0,207,16,0,0,0,0
"Mohan Lal Sukhadia University, Uaipur (Id: U-0413)",44525,37552,4389,3353,11211,9300,9310,8077,81,42,493,723,40,31,0,0
MONAD UNIVERSITY (Id: U-0644),3655,198,600,34,0,0,758,37,0,0,0,0,0,0,0,0
"Mother Teresa Women's University, Kodaikanal (Id: U-0466)",0,15902,0,3664,0,50,0,11461,0,50,0,622,0,1130,0,0
"Motilal Nehru Institute of Technology, Allahabad (Id: U-0530)",3705,648,546,85,238,33,1020,124,92,9,0,0,0,0,274,38
"M.P. Bhoj (Open) University, Bhopal (Id: U-0278)",62100,38190,10322,4712,9122,4803,23549,14324,0,0,0,0,0,0,0,0
Mumbai University Mumbai (Id: U-0318),260636,225873,12979,11677,4614,2450,30109,26572,595,376,11733,10340,8041,8423,27,21
"Mysore University, Mysore (Id: U-0235)",55337,63088,8945,9567,2563,2092,23506,32239,392,140,778,1932,797,957,576,378
Nagaland University (Id: U-0347),13213,13775,279,228,11623,12112,284,229,5,5,80,65,4471,4943,1,0
"Nalanda Open University, Patna (Id: U-0071)",25788,11457,3388,945,624,720,2136,748,0,0,0,0,0,0,0,0
"Narendra Deo University of Agriculture & Technology, Faizabad (Id: U-0531)",498,57,112,5,3,2,188,15,0,0,0,0,0,0,0,0
"Narsee Monjee Institute of Management Studies, Mumbai (Id: U-0319)",6336,3082,122,23,6,5,272,98,0,0,0,0,0,0,9,15
National Academy of Legal Studies & Research (NALSR) University Hyderabad (Id: U-0024),790,577,29,37,16,14,0,0,10,3,0,0,0,0,23,38
"National Brain Research Centre, Gurgaon (Id: U-0170)",43,34,3,3,0,0,0,0,1,0,0,0,0,0,0,0
"National Dairy Research Institute, Karnal (Id: U-0171)",421,277,58,35,27,16,110,65,0,0,0,0,17,0,7,3
"National Institute of Fashion Technology, Hauz Khas (Id: U-0110)",588,1324,115,196,40,60,171,301,2,12,8,36,3,37,1,4
"National Institute of Mental Health & Neuro Sciences, Bangalore (Id: U-0236)",179,361,9,13,2,11,27,41,1,0,0,0,0,0,0,0
"National Institute of Pharmaceutical, Educational and Research, Mohali (Id: U-0380)",506,223,60,27,30,4,119,43,11,5,0,0,0,0,0,0
"National Institute of Technology, Agartala (Id: U-0493)",2656,412,424,59,453,64,413,59,5,1,5,1,28,2,0,0
National Institute of Technology Arunachal Pradesh (Id: U-0615),197,47,35,4,16,9,67,16,8,0,2,0,0,0,0,0
"National Institute of Technology, Calicut (Id: U-0263)",3918,1189,482,153,219,39,988,249,79,7,0,0,0,0,0,0
National Institute of Technology Delhi (Id: U-0622),199,25,34,3,17,3,57,7,0,0,0,0,0,0,6,3
"National Institute of Technology, Durgapur (Id: U-0577)",3380,725,459,103,214,55,860,122,62,8,38,4,9,0,159,27
National Institute of Technology Goa (Id: U-0620),69,15,11,1,3,2,18,6,1,0,0,0,0,0,0,0
"National Institute of Technology, Hamirpur (Id: U-0189)",2034,351,277,48,144,22,506,65,28,7,0,0,0,0,17,0
"National Institute of Technology, Jamshedpur (Id: U-0207)",2368,300,346,35,160,26,628,63,38,3,0,0,0,0,6,0
"National Institute of Technology, Karnataka (Id: U-0237)",3741,762,529,106,242,47,962,159,34,3,0,0,0,0,19,2
"National Institute of Technology, Kurukshetra (Id: U-0172)",3260,583,481,82,206,42,836,90,76,2,1,0,71,15,77,18
National Institute of Technology Manipur (Id: U-0613),156,25,23,7,18,3,76,11,3,0,6,0,0,0,0,0
National Institute of Technology Meghalaya (Id: U-0619),265,49,40,6,34,15,66,9,4,0,9,0,23,4,0,0
National Institute of Technology Mizoram (Id: U-0617),136,21,18,8,16,4,43,2,3,0,0,0,0,0,0,0
National Institute of Technology Nagaland (Id: U-0618),197,34,33,8,19,6,76,9,0,0,0,0,0,0,0,0
"National Institute of Technology, Patna (Id: U-0072)",2238,275,364,30,160,18,662,70,0,0,12,2,0,0,0,0
National Institute of Technology Puducherry (Id: U-0621),225,68,35,16,20,3,88,22,3,0,12,2,7,0,0,0
"National Institute of Technology, Raipur (Id: U-0092)",3037,800,434,108,214,49,817,140,27,3,50,12,96,44,1,0
"National Institute of Technology, Rourkela (Id: U-0357)",1656,395,191,66,95,18,412,84,44,12,31,2,13,3,0,0
National Institute of Technology Sikkim (Id: U-0614),187,33,32,4,14,3,54,11,3,0,4,0,0,0,0,0
"National Institute of Technology, Silchar (Id: U-0055)",2073,252,285,40,144,29,586,48,31,4,15,5,2,1,49,7
"National Institute of Technology, Srinagar (Id: U-0197)",2108,211,255,24,117,18,317,30,45,5,690,91,67,3,1,0
"National Institute of Technology, Tiruchirapalli (Id: U-0467)",3707,797,538,135,238,66,1267,233,23,2,0,0,0,0,0,0
National Institute of Technology Uttarakhand (Id: U-0616),222,15,33,5,19,0,71,3,3,1,15,0,16,1,0,0
"National Institute of Technology, Warangal (Id: U-0025)",3490,721,501,100,240,46,1065,183,11,1,0,0,0,0,299,71
"National Law Institute University, Bhopal (Id: U-0285)",330,312,43,36,26,34,33,24,8,5,4,4,0,0,0,0
"National Law School of India University, Bangalore (Id: U-0238)",4160,2270,218,101,62,39,511,165,9,3,0,0,0,0,15,13
"National Law University, Cuttuck (Id: U-0358)",304,164,17,7,10,9,0,1,5,2,4,3,7,4,0,0
"National Law University, Delhi (Id: U-0111)",271,209,34,21,18,7,0,0,3,5,0,0,0,0,9,11
"National Law University, Jodhpur (Id: U-0414)",465,341,39,28,23,19,0,0,7,4,0,0,0,0,0,0
National Museum Institute of Hisotry of Art Conservation and Musicology (Id: U-0112),14,52,5,3,0,2,1,4,0,0,1,6,0,2,0,1
"National University of Advanced Legal Studies, Kochi (Id: U-0264)",205,198,14,8,0,0,60,61,5,1,22,21,34,47,0,0
"National University of Education, Planning & Administration, New Delhi (Id: U-0114)",8,13,2,2,0,1,1,2,0,0,0,0,0,0,0,0
"National University of Study & Research in Law, Ranchi (Id: U-0600)",123,106,6,7,7,13,34,17,0,0,0,0,0,0,0,0
"Nava Nalanda Mahavihara, Nalanda (Id: U-0073)",311,128,17,11,1,3,125,73,3,0,0,1,48,1,106,0
Navrachana University (Id: U-0144),334,278,5,2,28,14,23,9,0,0,24,9,10,8,0,0
Navsari Agricultural University (Id: U-0145),1242,374,86,25,196,92,384,85,2,0,12,2,0,0,4,0
"Nehru Gram Bharati, Allahabad (Id: U-0532)",3105,2018,269,175,20,23,1234,672,0,0,11,6,0,0,0,0
"Netaji Subhash Open University, Kolkata (Id: U-0578)",13842,8896,0,0,0,0,0,0,0,0,0,0,0,0,0,0
NIILM UNIVERSITY (Id: U-0646),461,103,30,5,0,0,91,32,0,0,0,0,0,0,0,0
"Nilamber-Pitamber University, Palamu (Id: U-0208)",17506,17255,2902,2267,1602,1782,6843,6338,15,8,1339,714,76,93,0,0
"NIMS University, Jaipur (Id: U-0415)",13434,4266,119,38,53,31,584,179,1,0,4,1,0,0,22,0
"Nirma University, Ahmedabad (Id: U-0146)",5620,2149,199,62,147,32,996,188,10,2,0,0,0,0,22,9
"NITTE Unversity, Mangalore (Id: U-0239)",1503,3060,20,34,6,20,417,748,2,0,260,509,183,210,74,148
Noida International University (Id: U-0533),1568,153,0,0,0,0,0,0,0,0,0,0,0,0,62,7
"Noorul Islam Centre for Higher Education, Kanyakumari (Id: U-0468)",1977,621,19,7,1,0,839,266,2,1,520,93,432,158,0,0
"North Bengal University, Darjeeling (Id: U-0579)",76679,72544,26163,23613,4515,4861,6608,5449,147,69,4441,3023,872,1223,50,77
"North Eastern Hill University, Shillong (Id: U-0341)",18451,19688,150,121,8811,12600,274,189,38,50,378,99,2746,4237,50,37
"North Eastern Regional Institute of Science & Technology, Papum Pare, Itanagar (Id: U-0046)",1088,371,56,14,483,193,182,54,20,4,8,3,46,26,0,0
"North Maharashtra University, Jalgaon (Id: U-0320)",77318,53729,5634,3572,10385,4607,31456,26832,56,23,1377,698,59,38,0,0
"North Orissa University, Mayurbhanj (Id: U-0359)",20519,25740,2069,2570,4690,5851,5700,7739,38,29,152,242,3,37,0,0
"O. P. Jindal Global University, Sonipat (Id: U-0173)",560,363,0,0,0,0,0,0,0,0,0,0,0,0,9,2
ORIENTAL UNIVERSITY (Id: U-0662),1638,80,67,4,22,5,764,26,1,0,10,1,0,0,0,0
"Orissa University of Agriculture & Technology, Bhubaneswar (Id: U-0360)",1897,1924,196,244,141,152,0,0,0,0,0,0,0,0,0,0
"Osmania University, Hyderabad (Id: U-0027)",161200,147675,21276,18789,7958,5257,65456,55671,875,298,17626,21424,1492,2050,1537,624
"Padmashree Dr. D. Y. Patil Vidyapeeth, , Mumbai (Id: U-0321)",2122,2883,97,106,44,29,257,276,2,8,110,116,40,158,1,1
"Palamuru University, Mahabubnagar (Id: U-0028)",10027,6211,2096,1119,805,348,5513,3126,19,15,279,418,3,4,0,0
"Pandhi Dwarka Prasad Mishra Indian Institute of Information Technology & Manufacturing , Jabalpur (Id: U-0286)",929,104,140,13,67,3,242,24,0,0,0,0,0,0,0,0
"Pandit Deendayal Petroleum University, Gandhi Nagar (Id: U-0147)",2499,462,213,5,208,4,213,4,0,0,0,0,0,0,9,0
"Panjab University,Chandigarh (Id: U-0078)",62697,78147,7235,10484,633,551,2664,4933,115,333,126,31,6064,9152,201,116
"Patna University, Patna (Id: U-0074)",11850,8852,967,622,56,119,2260,2632,17,12,279,502,0,219,0,0
"PEC University of Technology, Chandigarh (Id: U-0080)",1500,360,218,48,33,4,0,0,30,0,0,0,0,0,147,40
PEOPLES UNIVERSITY (Id: U-0655),1415,870,73,68,18,20,311,205,0,0,0,0,58,50,0,0
"Periyar Maniammal Institute of Science & Technoloyg, Thanjavur (Id: U-0469)",2824,1515,223,128,5,3,2491,1316,0,1,182,45,181,70,3,1
"Periyar University, Salem (Id: U-0470)",63844,91255,9195,12715,1303,1232,26543,44590,102,82,326,1287,181,871,86,37
"Pondicherry Univeristy, Puducherry (Id: U-0369)",24072,24558,2853,2812,304,204,11780,14429,78,51,649,763,528,1022,18,9
"Ponnaiyah Ramajayam Institute of Science & Technology, Thanjavur (Id: U-0471)",835,311,168,60,53,12,393,154,0,0,128,40,707,271,3,3
Post Graduate Institute of Medical Sciences (Id: U-0079),798,273,65,24,32,8,139,28,9,2,1,0,21,0,0,0
"Potti Sri Ramulu Telugu University, Hyderabad (Id: U-0029)",445,145,95,9,35,0,184,47,0,0,0,0,0,0,0,0
"Pravara Institute of Medical Sciences, Ahmednagar (Id: U-0322)",1532,1854,40,62,13,12,225,237,0,0,92,84,56,68,2,4
Presidency University (Id: U-0580),971,1344,144,181,24,35,0,0,0,0,0,0,0,0,0,0
"Pt. Bhagat Dyal University of Health Science, Rohtak (Id: U-0174)",6142,7296,451,644,6,18,1097,989,3,0,35,23,31,78,4,3
"Pt. Ravishankar Shukla University, Raipur (Id: U-0093)",53293,65714,6562,7085,6202,6975,26085,27800,42,40,422,614,268,620,0,0
"Pt. Sundarlal Sharma (Open) University, Bilaspur (Id: U-0094)",6961,3858,1205,871,2410,1195,1938,946,0,0,0,0,0,0,0,0
"Pune University, Pune (Id: U-0323)",332461,250183,28663,21767,16362,8580,69772,51977,336,202,6634,6804,2580,2570,1229,427
"Punjab Agricultural University, Ludhiana (Id: U-0381)",1139,1378,177,163,2,3,6,2,25,1,27,1,554,793,12,0
"Punjabi University, Patiala (Id: U-0383)",56096,56598,9585,8116,30,38,5506,5538,111,70,381,344,10300,11070,2,3
"Punjab Technical University, Jalandhar (Id: U-0382)",67389,28011,5238,2285,351,98,3623,977,2492,922,936,88,10247,5002,64,11
"Rabindra Bharati University, Kolkata (Id: U-0581)",16737,31769,6331,7497,531,539,2185,2537,389,478,1216,1551,1,1,45,36
RAFFLLES UNIVERSITY (Id: U-0640),133,20,1,0,1,0,71,6,0,0,1,0,0,0,3,1
"Raja Mansingh Tomar Music & Arts University, Gwalior (Id: U-0629)",457,520,41,29,12,4,88,81,0,0,0,0,0,0,0,0
"Rajasthan Agricultural University, Bikaner (Id: U-0417)*",0,0,0,0,0,0,0,0,0,0,0,0,0,0,0,0
"Rajasthan Ayurveda University, Jodhpur (Id: U-0418)",8143,5659,1723,1065,946,654,3106,2276,73,33,734,267,2,6,2,4
"Rajasthan Technical University, Kota (Id: U-0419)",80742,19490,5846,1018,4884,642,22593,4129,53,8,1301,209,138,79,3,2
"Rajasthan University, Jaipur (Id: U-0422)",126020,114784,18813,12978,13724,9926,47490,43771,62,138,1146,780,221,193,1,0
"Rajasthan University of Health Sciences, Jaipur (Id: U-0420)",4807,973,365,92,167,65,1724,276,4,2,260,48,23,8,5,4
"Rajasthan University of Veterinary and Animal Sciences, Bikaner (Id: U-0421)",4192,516,723,75,292,39,2214,222,0,0,0,0,0,0,2,2
"Rajendra Agricultural University, Samastipur (Id: U-0075)",398,291,0,0,0,0,0,0,0,0,0,0,0,0,0,0
"Rajiv Gandhi Institute of Petroleum Technology, Rae Bareli (Id: U-0535)",300,19,40,3,18,0,80,0,1,0,0,0,0,0,0,0
"Rajiv Gandhi National Instiute of Youth Development, Sriperumbudur (Id: U-0472)",72,44,7,4,19,7,19,20,0,0,0,0,0,0,0,0
"Rajiv Gandhi Prodoyogiki Vishwavidyalaya, Bhopal (Id: U-0287)",118107,33257,9467,2380,2592,581,32931,8245,2581,315,2558,527,765,401,0,0
"Rajiv Gandhi University, Itanagar (Id: U-0047)",8787,10884,56,45,7907,9995,174,141,0,0,17,18,99,191,0,0
"Rajiv Gandhi University of Health Sciences, Bangalore (Id: U-0240)",39484,67748,1490,2273,592,869,4344,6886,222,22,2418,1887,1419,6777,2040,2730
RAJIV GANDHI UNIVERSITY OF KNOWLEDGE TECHNOLOGIES (Id: U-0632),7208,5354,1388,877,542,279,3809,2842,60,30,336,248,15,16,0,0
"Rajmata Vijayaraje Scindia Krishi Vishwa Vidyalaya, Gwalior (Id: U-0288)",1418,574,268,99,276,117,580,187,0,0,0,0,2,0,0,0
"Rakshashakti University, Gujarat (Id: U-0595)",105,8,14,0,2,2,48,4,0,0,4,0,0,0,0,0
"Ramakrishna Mission Vivekananda Educational and Research Institute, Howrah (Id: U-0582)",892,333,140,16,29,6,274,50,2,0,40,15,0,0,6,0
"Ranchi University, Ranchi (Id: U-0209)",24619,32844,2063,1909,7530,11013,4893,5859,83,169,505,2022,809,2227,0,2
"Rani Channamma University, Belagavi (Id: U-0602)",62139,44169,9613,4800,2207,1111,38675,24591,131,91,2800,2298,352,378,2,0
"Rani Durgavati Vishwavidyalaya, Jabalpur (Id: U-0289)",39122,52747,4516,5396,6232,5972,15572,22780,29,31,466,1015,338,733,38,0
"Rashtrasant Tukadoji Maharaj Nagpur University, Nagpur (Id: U-0332)",84364,93677,8952,10913,1871,2620,19567,26889,45,44,1647,1545,529,430,13,0
"Rashtriya Sanskrit Sansthan, New Delhi (Id: U-0115)",2324,1467,103,115,32,12,197,275,2,1,0,0,1,3,0,0
"Rastriya Sanskrit Vidyapeeth, Tirupathi (Id: U-0030)",1806,879,114,100,42,3,404,222,1,0,1,1,0,0,0,1
"Ravenshaw University, Cuttak (Id: U-0361)",2161,4972,350,515,113,214,238,446,0,0,0,0,0,0,0,0
"Rayalaseema, University Kurnool (Id: U-0031)",7462,3056,1732,631,287,93,4097,1413,8,7,273,166,0,0,0,0
RKDF UNIVERSITY (Id: U-0652),1696,377,0,0,0,0,0,0,0,0,0,0,0,0,0,0
"R K University, Rajkot (Id: U-0647)",4082,1033,212,41,20,18,793,125,0,0,1,0,0,0,0,0
"Sambalpur University, Sambalpur (Id: U-0362)",34249,33960,5917,4884,5587,5927,11161,9181,70,20,227,295,266,280,0,0
"Sam Higginbottom Institute of Agriculture, Technology & Sciences, Allahabad (Id: U-0536)",40134,20787,2736,1494,732,516,7796,3907,0,0,1116,247,155,92,46,9
"Sampurnanand Sanskrit Vishwavidyalaya, Varanasi (Id: U-0537)",29328,37951,2612,4237,198,345,8604,17853,265,161,370,216,33,5,125,7
"SANGAM UNIVERSITY, BHILWARA (Id: U-0693)",132,37,7,2,0,0,25,5,0,0,1,0,0,1,0,0
"Sanjay Gandhi Post Graduate Institute of Medical Sciences, Lucknow (Id: U-0538)",122,108,17,15,0,0,17,32,1,1,0,0,0,0,0,0
"Sant Gadge Baba Amravati University, Amravati (Id: U-0324)",75265,57958,9945,7754,2761,1694,25717,24049,51,22,1301,635,197,101,0,0
"Sant Longowal Institute of Engg. & Tech., Longowal (Id: U-0384)",3190,865,340,70,86,20,547,101,56,18,0,0,0,0,0,0
"Santosh University, Ghaziabad (Id: U-0539)",209,101,13,9,1,0,63,19,0,0,0,0,0,0,0,0
"Sardarkrushinagar Dantiwada Agricultural University, Banaskantha (Id: U-0150)",1115,619,43,46,76,53,282,202,7,0,19,15,12,0,3,0
"Sardar Patel University, Vallabh Vidyanagar (Id: U-0148)",28590,18014,2244,1216,2469,1439,5219,2551,12,6,716,423,121,61,30,34
"Sardar Vallabhbhai National Institute of Technology, Surat (Id: U-0149)",2512,426,219,40,133,32,452,46,0,0,0,0,0,0,0,0
"Sardar Vallabh Bhai Patel University of Agriculture & Technology, Meerut (Id: U-0540)",428,48,97,5,4,0,235,22,0,0,8,0,4,0,0,0
"Sarguja University, Ambikapur (Id: U-0095)",11017,13019,681,575,4134,5052,3297,3485,0,1,67,174,226,407,0,0
"Sathyabama Institute of Science & Technology, Chennai (Id: U-0474)",10564,4766,357,141,63,28,3704,1813,1,8,282,73,1289,673,0,0
"Saurashtra University, Rajkot (Id: U-0151)",89111,98645,7727,6912,2146,2333,35376,31671,159,139,1287,934,4,168,1,0
"Saveetha University, Chennai (Id: U-0475)",2308,1700,137,66,43,19,1211,600,1,0,82,33,188,71,21,50
School of Planning & Architecture Bhopal (Id: U-0626),333,189,52,23,32,5,99,43,7,0,0,0,0,0,0,0
"School of Planning & Architecture, New Delhi (Id: U-0116)",667,410,88,43,48,11,165,54,16,2,0,0,0,0,7,8
School of Planning & Architecture Vijaywada (Id: U-0627),304,130,56,9,27,9,80,40,0,0,0,0,0,0,0,0
"Shanmugha Arts, Science, Technology & Reserch Academy (SASTRA), Thanjavur (Id: U-0476)",7149,6898,0,0,0,0,0,0,0,0,0,0,0,0,0,0
"Sharda University, Gautam Budh Nagar (Id: U-0541)",6412,816,211,49,6,15,841,107,0,0,33,32,0,1,265,58
"Sher-e-Kashmir Institute of Medical Sciences, Srinagar (Id: U-0198)",278,97,0,0,0,0,0,0,0,0,0,0,0,0,0,0
"Sher-e-Kashmir University of Agricultural Science & Technology of Jammu, Jammu (Id: U-0199)",292,406,4,24,18,22,2,0,15,12,116,74,18,83,0,1
"Sher-e-Kashmir University of Agricultural Science & Technology of Kashmir, Srinagar (Id: U-0200)",322,374,17,15,24,17,0,0,0,0,0,0,0,0,0,0
Shiksha 'O' Anusandhan (Id: U-0363),6718,3595,276,115,104,56,235,97,4,1,73,21,20,5,0,0
"Shivaji University, Kolhapur (Id: U-0325)",106742,96787,11701,9709,782,471,22005,17482,68,670,951,953,1967,1414,17,13
SHIV NADAR UNIVERSITY (Id: U-0642),391,161,0,0,0,0,47,17,0,0,6,3,16,3,0,0
"Shobit Institute of Engineering & Technology, Meerut (Id: U-0542)",847,266,22,8,8,1,164,43,0,0,0,0,0,0,0,0
"Shoolini University of Bio Technology and Management Sciences, Oachghat, Solan (Id: U-0190)",1334,760,122,72,62,26,80,30,0,0,0,0,0,0,0,0
"Shree Sankaracharya Univeristy of Sanskrit, Kalady (Id: U-0265)",724,1537,0,0,0,0,0,0,0,0,0,0,0,0,0,0
"Shree Somnath Sanskrit University, Junagarh (Id: U-0152)",2207,259,18,12,35,44,62,67,2,0,0,0,0,0,0,0
"Shridhar University, Pilani (Id: U-0424)",489,66,33,6,4,2,309,35,0,0,0,0,0,0,0,0
"Shri Jagannath Sanskrit Vishwavidyalaya, Puri (Id: U-0364)",2259,3852,416,581,262,237,838,1854,1,6,0,5,0,1,0,0
"Shri Jagdish Prasad Jhabarmal Tibrewala University, Jhunjhunu (Id: U-0423)",723,174,51,5,29,2,196,34,0,0,108,6,0,0,0,0
"Shri Lal Bhadur Shashtri Rashtriya Sanskrit Vidyapith, New Delhi (Id: U-0117)",798,197,28,39,3,4,38,24,7,0,0,0,0,0,0,0
"Shri Mata Vaishno Devi University, Jammu (Id: U-0201)",317,131,1,5,3,0,35,6,0,0,0,0,0,0,0,0
Sidho-Kanho Birsa University (Id: U-0583),20686,11232,3789,1546,2574,1246,2951,1444,32,29,702,279,4,13,0,0
"Sido Kanhu Murmu University, Dumka (Id: U-0210)",16389,7267,1004,736,770,444,1992,2150,7,2,318,195,0,0,0,0
"Sikkim Manipal University, Gangtok (Id: U-0431)",2275,1649,78,63,158,228,218,249,0,0,43,18,0,1,15,41
"Sikkim University, Gangtok (Id: U-0430)",2525,3377,129,132,781,1258,555,672,0,1,23,8,19,59,126,218
"Sir Padampat Singhania University, Udaipur (Id: U-0426)",1081,260,45,12,35,2,202,27,0,0,1,1,0,0,0,0
"Smt. Nathibai Damodar Thackersey Women's Univeristy, Mumbai (Id: U-0326)",1435,27329,100,2501,16,887,59,4986,0,45,7,1718,0,1109,0,2
"Solapur University, Solapur (Id: U-0327)",41760,27777,4739,3111,98,59,10898,7534,19,11,998,1067,818,328,0,0
"South Asian University, JNU Campus, New Delhi (Id: U-0118)",184,84,0,0,0,0,0,0,0,0,0,0,0,0,106,20
"Sree Chitra Tirunal Institute for Medical Sciences and Technology, Thiruvananthapuram (Id: U-0266)",170,104,0,0,0,0,0,0,0,0,0,0,0,0,0,0
"Sri Balajai Vidyapeeth Mahatma Gandhi Medical College, Puducherry (Id: U-0370)",1132,1522,94,162,10,9,131,516,0,0,3,5,3,35,0,1
"Sri Chandrasekharendra Saraswathi Vishwa Mahavidyalaya, Kancheepuram (Id: U-0477)",2873,1186,90,49,12,16,918,424,0,0,60,11,0,0,1,0
"Sri Devraj Urs Acaedmy of Highehr Education and Research, Kolar (Id: U-0241)",611,507,34,25,8,8,125,135,0,0,0,0,0,0,38,44
"SRI DEV SUMAN UTTARAKHAND UNIVERSITY, BADSHAHITHOL, TEHRI (Id: U-0717)*",0,0,0,0,0,0,0,0,0,0,0,0,0,0,0,0
"Sri Guru Granth Sahib World University, Fatehgarh Sahib (Id: U-0606)",437,608,57,46,1,0,20,33,1,0,2,0,354,510,0,0
"Sri Krishnadevaraya University, Anantapur (Id: U-0033)",10994,9777,367,196,94,66,800,433,0,0,159,45,1,1,0,0
"SRIMANTA SANKARADEVA UNIVERSITY OF HEALTH SCIENCES, GUWAHATI (Id: U-0669)",5,156,1,10,1,67,2,38,0,0,0,2,1,50,0,0
"Sri Padmavathi Mahila Visva Vidyalayam, Tirupathi (Id: U-0034)",0,3580,0,630,0,166,0,1415,0,6,0,57,0,1,0,0
"Sri Ramachandra Medical College and Research Institute, Chennai (Id: U-0478)",1322,2598,67,149,5,6,714,1399,0,0,0,0,0,0,11,41
"Sri Sai University, Palampur (Id: U-0599)",736,150,79,9,54,3,178,12,1,0,2,0,8,1,1,0
"Sri Satya Sai Institute of Higher Learning, Anantpur (Id: U-0035)",1021,660,38,30,38,49,195,158,6,0,0,0,15,42,0,1
Sri Siddharatha Acedemy of Higher Education (Id: U-0242),1946,1387,82,63,53,38,448,315,8,3,49,31,3,10,4,2
SRI SRI UNIVERSITY (Id: U-0649),79,56,1,4,0,0,0,0,0,0,2,0,0,1,0,0
"Sri Venkateshwara University, Gajraula, J.P Nagar (Id: U-0611)",549,119,245,60,0,0,152,27,0,0,41,0,0,0,0,0
"Sri Venkateswara Institute of Medical Sciences, Tirupathi (Id: U-0036)",285,697,81,221,14,27,111,261,0,0,11,34,0,0,0,0
"Sri Venkateswara University, Tirupathy (Id: U-0037)",65121,42302,8910,5274,1621,1034,24944,15904,40,16,1170,817,27,9,0,0
"Sri Venkateswara Vedic University, Tirpupathi (Id: U-0038)",299,6,1,2,0,0,1,1,0,0,0,0,0,0,2,0
"Sri Venkateswara Veterinary University, Tirupathi (Id: U-0039)",1027,654,132,82,71,21,301,173,7,3,22,9,14,12,0,0
"S.R.M. Institute of Science & Technology, Chennai (Id: U-0473)",27643,7621,1185,410,53,19,14965,4269,0,1,13,12,35,55,139,75
"St. Peter's Institute of Higher Education and Research, Chennai (Id: U-0479)",2396,773,217,97,50,37,1511,456,0,0,0,0,0,0,0,0
"Sumandeep Vidyappeth, Vadodara (Id: U-0154)",1104,1553,1,14,3,13,23,40,0,0,4,15,0,0,0,0
"Suresh Gyan Vihar Univeristy, Jaipur (Id: U-0427)",2422,561,109,13,58,5,714,98,0,0,0,0,0,0,5,2
"Swami Ramanand Teerth Marathwada University, Nanded (Id: U-0328)",60325,35747,11004,6001,2051,788,12769,7064,67,35,2287,1557,1012,553,96,15
"Swami Vivekananda Subharti University, Meerut (Id: U-0543)",10604,5280,1028,438,44,42,4147,1849,3,1,474,120,11,53,1,1
SWAMI VIVEKANANDA UNIVERSITY (Id: U-0661),2080,416,443,56,9,2,1224,191,0,0,0,0,0,0,0,0
"Swami Vivekananda Yoga Anusandhana Samsthan, Bangalore (Id: U-0243)",440,336,4,3,2,1,23,15,0,0,1,0,0,0,11,22
SWARNIM GUJARAT SPORTS UNIVERSITY (Id: U-0670)*,0,0,0,0,0,0,0,0,0,0,0,0,0,0,0,0
"SYMBIOSIS International University, Pune (Id: U-0329)",8133,4937,424,283,133,115,121,53,75,16,11,1,14,2,373,297
"Tamilnadu Agricultural University, Coimbatore (Id: U-0485)",4910,6872,516,594,81,48,1651,2246,5,3,54,35,6,22,24,8
"Tamil Nadu Dr. Ambedkar Law University, Chennai (Id: U-0480)",1176,647,290,149,5,3,688,401,1,0,9,5,4,1,0,0
"Tamil Nadu Dr. M.G.R. Medical University , Chennai (Id: U-0481)",20352,52705,2939,9907,264,403,11065,24801,62,186,1145,1116,755,3172,479,81
TAMIL NADU FISHERIES UNIVERSITY (Id: U-0665),98,78,0,0,0,0,0,0,0,0,0,0,0,0,0,0
"Tamil Nadu Open University, Chennai (Id: U-0482)",41503,33314,13213,10196,0,0,19965,16300,0,0,0,0,0,0,0,0
"Tamilnadu Physical Education and Sports University, Chennai (Id: U-0486)",2610,401,332,103,15,2,711,240,0,0,19,6,148,60,6,0
"Tamil Nadu Teacher Education University, Chennai (Id: U-0483)",15666,52337,5508,10490,236,324,8395,36980,109,174,107,699,509,3301,0,0
"Tamilnadu Veterinary & Animal Sciences University, Chennai (Id: U-0487)",949,604,169,105,9,4,583,426,8,0,22,14,21,26,1,1
"Tamil Univesity, Thanjavur (Id: U-0484)",2260,3774,657,830,31,25,1470,2739,14,0,5,1,16,15,0,0
"Tata Institute of Fundamental Research, Mumbai (Id: U-0330)",205,74,0,0,0,0,0,0,0,0,0,0,0,0,0,0
"Tata Institute of Social Sciences, Mumbai (Id: U-0331)",894,914,174,98,126,84,257,137,5,2,4,3,1,2,7,6
"Teerthanker Mahaveer University, Moradabad (Id: U-0544)",8730,2684,1704,342,21,26,2909,607,0,0,0,0,0,0,51,14
"Telangana University, Nizamabad (Id: U-0040)",6162,5384,1107,991,611,381,3754,3140,3,4,188,774,0,0,0,0
"TERI School of Advanced Studies, New Delhi (Id: U-0119)",182,220,0,0,0,0,0,0,0,0,0,0,0,0,6,6
"Tezpur University, Tezpur (Id: U-0056)",1703,1079,235,116,99,94,451,271,11,6,85,53,13,20,1,0
"Thapar Institute of Engineering and Technology, Patiala (Id: U-0385)",3620,1575,307,106,15,4,59,17,5,1,0,0,0,0,34,12
"The Bengal Engineering & Science University, Howrah (Id: U-0584)",2548,535,482,63,97,29,11,0,57,6,131,17,0,0,6,4
"The English and Foreign Languages University, Hyderabad (Id: U-0041)",1082,747,160,86,74,47,337,149,0,0,0,0,0,0,20,20
"The Global Open University Nagaland, Dimapur (Id: U-0348)",5841,26,0,0,15,23,0,0,0,0,0,0,0,0,0,0
"The Institute of Chartered Financial Analysts of India University, Agartala (Id: U-0494)",1032,512,114,60,106,87,231,91,0,0,0,0,0,0,0,0
"The Institute of Chartered Financial Analysts of India University, Dimapur (Id: U-0349)",62,40,0,0,7,5,0,0,0,0,0,0,0,0,0,0
"The Institute of Chartered Financial Analysts of India University, Sikkim (Id: U-0432)",1417,1242,9,8,84,84,70,51,0,0,5,0,10,8,87,83
"The Institute of Chartered Financial Ayalysts of India University, Ranchi (Id: U-0211)",116,39,0,0,0,0,0,0,1,0,11,4,0,1,0,0
"The Rajiv Gandhi National University of Law, Patiala (Id: U-0386)",337,215,52,38,20,10,0,0,5,6,6,0,30,20,2,0
"The West Bengal National University of Juridicial Sciences, Kolkata (Id: U-0585)",401,331,37,39,16,19,0,2,6,5,0,0,0,0,2,4
"The West Bengal University of Health Sciences, Kolkata (Id: U-0586)",8695,6445,965,950,188,297,273,250,26,8,437,281,57,102,27,38
"Thiruvalluvar Univeristy, Vellore (Id: U-0488)",44823,69843,13348,16239,713,518,27372,44809,129,127,2966,1644,1746,2419,0,1
"Tilak Maharashtra Vidyapeeth, Pune (Id: U-0333)",8725,5466,1064,710,389,203,1752,1058,0,0,0,0,0,0,62,14
"T.M. Bhagalpur University, Bhagalpur (Id: U-0076)",26685,16907,2133,894,297,120,13189,10807,69,7,4507,2364,103,83,0,0
"Tripura University, Agartala (Id: U-0495)",30059,24297,5278,3815,5692,4302,4252,3000,52,34,1350,758,240,170,0,0
"Tumkur University, Tumkur (Id: U-0244)",19698,22277,4135,3316,1549,1335,12581,15847,20,20,367,804,42,60,1,1
UKA TARSADIA UNIVERSITY (Id: U-0668),3628,2261,144,91,159,192,814,525,0,0,18,7,6,2,0,0
"UNIVERSITY OF AGRICULTURAL AND HORTICULTURAL SCIENCES, SHIMOGA (Id: U-0637)",513,403,79,48,18,16,349,287,2,2,10,15,0,1,0,0
"University of Agricultural Sciences, Bangalore (Id: U-0248)",1474,1450,232,187,54,57,1055,1074,5,4,8,27,0,1,16,0
"University of Agricultural Sciences, Dharwad (Id: U-0246)",632,1221,129,231,59,100,165,292,0,0,30,52,0,0,6,2
"University of Agricultural Sciences, Raichur (Id: U-0247)",490,209,68,29,15,9,216,74,0,0,0,0,0,0,2,0
"University of Allahabad, Allahabad (Id: U-0548)",31653,25270,5509,2869,182,71,13081,10843,38,22,271,5467,116,109,0,0
University of Delhi (Id: U-0120),248821,270451,32751,28163,4405,3645,29160,19173,979,497,1947,1041,970,2133,357,369
"University of Gour Banga, Malda (Id: U-0571)",53136,39662,11650,8450,2983,2042,5294,3597,183,69,14831,10736,139,84,0,1
"University of Horticultural Sciences, Bagalkot (Id: U-0245)",761,627,100,85,32,23,498,376,1,0,25,17,0,0,9,2
"University of Hyderabad, Hyderabad (Id: U-0042)",3035,1586,650,213,270,151,1052,389,49,4,0,0,0,0,10,9
"University of Jammu, Jammu Tawi (Id: U-0195)",45061,58641,3917,6235,3116,2523,3509,3533,45,28,6777,5533,556,2693,1,0
"University of Kashmir, Srinagar (Id: U-0196)",63225,69855,674,561,669,557,3234,2371,136,127,42578,48293,613,1095,0,0
"University of Patanjali, Patanjali Yogpeeth, Haridwar (Id: U-0563)",240,240,6,2,3,0,48,16,0,0,0,0,0,0,0,0
"University of Petroleum and Energy Studies, Dehradun (Id: U-0564)",4805,1207,0,0,0,0,0,0,0,0,0,0,0,0,22,4
UNIVERSITY OF SCIENCE AND TECHNOLOGY (Id: U-0639),186,158,10,7,58,53,43,27,0,0,38,24,36,37,0,0
"University of Technology & Management, Shillong (Id: U-0605)",251,42,4,4,19,10,40,2,0,0,0,0,0,0,0,0
"UP Pandit Deen Dayal Upadhyaya Veterinary University & Gau-Anusandhan Sansthan, Mathura (Id: U-0534)",284,52,1,2,0,1,17,1,0,0,0,0,0,0,0,0
"U.P. Rajarshi Tandon Open University, Allahabad (Id: U-0546)",2424,1711,197,104,7,3,1031,541,0,1,102,133,0,0,0,0
"Utkal University, Bhubaneswar (Id: U-0366)",77657,87663,7695,9150,1919,2163,15692,20792,212,132,864,1014,37,76,0,0
"Utkal University of Culture, Bhubaneswar (Id: U-0365)",472,314,25,26,15,13,45,7,2,1,0,0,82,20,0,0
Uttarakhand Open University (Id: U-0623),11369,9434,1076,795,223,200,1946,1542,0,0,558,293,163,65,0,0
"UTTARAKHAND UNIVERSITY OF HORTICULTURE AND FORESTRY, BHARSAR (Id: U-0654)",77,51,0,0,0,0,0,0,0,0,0,0,0,0,0,0
"Uttaranchal Sanskrit University, Hardwar (Id: U-0565)",1409,85,26,1,18,0,56,3,0,0,0,0,0,0,0,0
"Uttar Banga Krishi Vishwavidyalaya, Cooch Behar (Id: U-0587)",315,77,79,21,28,5,26,5,2,0,0,0,0,0,0,0
UTTAR PRADESH VIKLANG UDDHAR DR SHAKUNTALA MISRA UNIVERSITY (Id: U-0512),122,115,27,22,1,0,39,29,0,0,0,0,0,0,0,0
"Uttrakhand Technical University, Dehradun (Id: U-0566)",25096,8464,3190,857,568,208,3087,810,14,11,666,82,16,7,42,1
"Vardhman Mahaveer Open University, Kota (Id: U-0428)",19061,12449,2853,1410,2137,1171,7157,3676,0,0,0,0,0,0,0,0
"Veer Bahadur Singh Purvanchal University, Jaunpur (Id: U-0550)",116262,138838,24423,28495,944,528,46051,60226,32,28,3511,7112,57,57,0,0
"Veer Kunwar Singh University, Arrah (Id: U-0077)",110540,79166,16167,8939,1847,1103,50389,35749,43,1,10436,8060,0,0,0,0
"Veer Narmad South Gujarat University, Surat (Id: U-0153)",56703,77662,2167,3416,13904,20526,12243,20010,70,88,1993,2267,101,82,3,6
"Veer Surendra Sai University of Technology, Sambalpur (Id: U-0367)",1676,660,89,55,136,73,1,0,0,0,0,0,0,0,0,0
"Vellore Institute of Technology, Vellore (Id: U-0490)",15923,6210,0,0,0,0,0,0,0,0,0,0,0,0,179,63
"Vel's Institute of Science, Technoloyg and Advanced Studies, Chennai (Id: U-0491)",4383,1568,497,226,46,17,2979,988,0,0,341,55,360,133,24,8
"Vel Tech Rangarajan Dr. Sagunthala R & D Institute of Science & Technology, Chennai (Id: U-0489)",2894,538,112,19,8,2,1996,389,0,0,89,0,49,2,0,0
"Vesveswaraiah Technological University, Belgaum (Id: U-0249)",202979,105613,11986,7148,4109,2343,61192,33215,238,73,8661,3260,6068,3078,779,113
"Vidya Sagar University, Midnapore (Id: U-0588)",81964,64162,10030,6364,3296,1998,4966,3265,197,106,3042,2581,81,56,0,0
"Vignan's Foundation of Science, Technology & Research, Guntur (Id: U-0043)",3179,1173,76,20,3,2,448,140,0,0,0,0,0,0,0,0
"Vijayanagara Sri Krishnadevaraya University, Bellary (Id: U-0603)",15663,11830,3001,1568,2380,1189,8454,6936,44,20,811,860,234,106,0,0
"Vikram Simhapuri University, Nellore (Id: U-0044)",17816,13612,4424,3447,770,574,7279,5227,14,4,773,627,12,9,15,0
"Vikram University, Ujjain (Id: U-0291)",38765,36152,6722,5372,1845,1337,16866,12896,91,62,530,780,16,39,0,0
"VINAYAKA MISSIONs RESEARCH FOUNDATION, SALEM (Id: U-0492)",90248,40209,611,177,66,25,2300,1196,4,0,198,69,359,354,34,79
"Vinayaka Missions Sikkim University, Tadong (Id: U-0433)",48,172,1,4,11,63,32,92,0,0,1,0,0,0,0,0
"Vinoba Bhave University, Hazaribagh (Id: U-0212)",82931,81239,7432,6969,4412,5948,24559,28695,222,106,4957,5226,646,609,0,0
"Visva Bharati, Shantiniketan (Id: U-0589)",3808,2475,185,104,74,48,235,108,13,5,38,11,0,0,31,23
"Visvesvaraya National Institute of Technology, Nagpur (Id: U-0334)",2795,683,0,0,0,0,0,0,0,0,0,0,0,0,21,10
"West Bengal State University, Kolkata (Id: U-0590)",63230,60813,10177,7680,674,490,3222,2611,64,23,4332,3657,103,24,10,10
"West Bengal University of Animal and Fishery Sciences, Kolkata (Id: U-0591)",457,155,80,38,26,11,1,1,5,1,41,5,0,1,0,0
"West Bengal University of Technology, Kolkata (Id: U-0592)",93893,26418,4929,1101,447,130,2864,451,72,3,4611,609,157,40,77,30
"William Carey University, Shillong (Id: U-0628)",2,10,0,0,2,10,0,0,0,0,0,0,2,10,0,0
Yashwant Rao Chavan Maharashtra Open University (Id: U-0335),180530,90911,25215,14316,10319,4810,65598,31535,0,0,0,0,0,0,0,0
"Yenepoya University, Mangalore (Id: U-0250)",665,1236,5,7,3,0,580,1099,0,0,458,701,63,294,19,43
YMCA University of Science & Technology (Id: U-0175),1728,846,222,129,0,0,304,157,25,4,13,3,15,6,0,0
"Yogi Vemana University, Kadapa (Id: U-0045)",8109,7976,1654,1431,301,215,3181,2634,11,14,485,611,3,72,0,0
All,13001432,11061368,1607323,1352564,582214,476496,3902367,3545041,33208,28187,537797,500920,186290,236966,21601,12536
