Institution,Courses,Number of Hostels - Boys,Number of Hostels - Girls,Number of Hostels - Others,Number of Hostels - Total,Intake Capacity - Boys,Intake Capacity - Girls,Intake Capacity - Others,Intake Capacity - Total,Number of Students Residing - Boys,Number of Students Residing - Girls,Number of Students Residing - Others,Number of Students Residing - Total,Level - Ph.D - Male,Level - Ph.D - Female,Level - M.Phil - Male,Level - M.Phil - Female,Level - Post Graduate - Male,Level - Post Graduate - Female,Level - Under Graduate - Male,Level - Under Graduate - Female,Level - PG Diploma - Male,Level - PG Diploma - Female,Level - Diploma - Male,Level - Diploma - Female,Level - Certificate - Male,Level - Certificate - Female,Level - Integrated - Male,Level - Integrated - Female,Level - Total - Male,Level - Total - Female,Grand Total
"Academy of Maritime Education and Training, Chennai ",22,6,2,2,10,1872.0,73.0,80.0,2025,1464.0,41.0,61.0,1566,0.0,0.0,1.0,0.0,69.0,9.0,600.0,7.0,,,,,,,,,670,16,686
"Acharya Nagarjuna University, Guntur ",132,5,1,1,7,1020.0,204.0,32.0,1256,1530.0,306.0,39.0,1875,192.0,92.0,103.0,75.0,3350.0,3007.0,12135.0,11846.0,0.0,0.0,15.0,42.0,0.0,13.0,12.0,9.0,15807,15084,30891
"Acharya NG Ranga Agricultural University, Hyderabad ",11,23,23,0,46,1456.0,1231.0,,2687,1961.0,1955.0,,3916,26.0,28.0,,,32.0,50.0,345.0,298.0,,,,,,,,,403,376,779
"Adikavi Nannaya University, Rajahmundry, East Godawari ",20,1,0,0,1,80.0,,,80,63.0,,,63,0.0,0.0,,,48.0,44.0,,,,,,,,,0.0,0.0,48,44,92
Ahmedabad University ,6,1,2,0,3,160.0,368.0,,528,45.0,121.0,,166,,,,,187.0,71.0,377.0,377.0,,,,,,,,,564,448,1012
"AIIMS, Ansari Nagar New Delhi ",125,14,4,1,19,1119.0,296.0,352.0,1767,1119.0,296.0,352.0,1767,56.0,25.0,,,150.0,52.0,38.0,92.0,,,,,,,,,244,169,413
AISECT UNIVERSITY ,42,2,0,0,2,160.0,,,160,157.0,,,157,0.0,0.0,0.0,0.0,11.0,2.0,66.0,10.0,0.0,0.0,0.0,0.0,,,,,77,12,89
"Alagappa University, Alagappa Nagar, Karaikudi ",135,2,3,0,5,428.0,320.0,,748,390.0,286.0,,676,88.0,44.0,65.0,119.0,10044.0,7614.0,7915.0,11059.0,6.0,3.0,0.0,0.0,0.0,168.0,0.0,0.0,18118,19007,37125
"Aliah University, Kolkata ",29,2,1,0,3,192.0,45.0,,237,192.0,45.0,,237,,,,,116.0,46.0,210.0,17.0,,,,,865.0,234.0,4.0,4.0,1195,301,1496
"Aligarh Muslim University, Aligarh ",313,13,5,0,18,7334.0,2811.0,,10145,7597.0,2946.0,,10543,1087.0,0.0,49.0,0.0,1777.0,0.0,4715.0,0.0,398.0,0.0,735.0,0.0,94.0,0.0,,,8855,0,8855
Alliance University. Bangalore ,2,2,2,0,4,606.0,430.0,,1036,606.0,430.0,,1036,,,,,0.0,0.0,0.0,0.0,,,,,,,,,0,0,0
"Amity University, Gautam Budh Nagar ",201,11,8,0,19,2417.0,3257.0,,5674,2223.0,2965.0,,5188,0.0,0.0,13.0,13.0,2577.0,1388.0,3141.0,1537.0,5.0,13.0,2.0,12.0,,,106.0,57.0,5844,3020,8864
"Amity University Haryana, Gurgaon ",39,2,1,0,3,864.0,432.0,,1296,400.0,160.0,,560,,,,,137.0,165.0,396.0,179.0,2.0,0.0,,,,,,,535,344,879
"Amrita Vishwa Vidyapeetham, Coimbatore ",192,6,2,0,8,4019.0,1682.0,,5701,3103.0,1506.0,,4609,7.0,4.0,,,521.0,695.0,1596.0,1454.0,3.0,9.0,0.0,0.0,,,1.0,9.0,2128,2171,4299
"Andhra University, Visakhapatnam ",257,20,3,1,24,3672.0,1573.0,236.0,5481,4030.0,1993.0,236.0,6259,192.0,77.0,26.0,21.0,7472.0,7328.0,6216.0,8860.0,30.0,18.0,24.0,18.0,39.0,36.0,0.0,0.0,13999,16358,30357
"Annamalai University, Annamalainagar ",725,15,4,0,19,7816.0,4734.0,,12550,7267.0,4181.0,,11448,226.0,92.0,71.0,67.0,18114.0,22042.0,27531.0,25507.0,1035.0,417.0,566.0,417.0,607.0,1035.0,0.0,0.0,48150,49577,97727
"Anna University, Chennai ",123,20,11,6,37,2184.0,1604.0,152.0,3940,3426.0,2042.0,149.0,5617,,,15.0,16.0,1090.0,1018.0,1127.0,767.0,,,,,,,,,2232,1801,4033
"Anna University, Coimbatore ",132,1,1,0,2,450.0,400.0,,850,134.0,129.0,,263,4.0,3.0,,,8530.0,5486.0,22677.0,14233.0,344.0,57.0,,,,,0.0,0.0,31555,19779,51334
"Anna University of Technology, Madurai ",9,0,1,0,1,,75.0,,75,,60.0,,60,109.0,0.0,,,1292.0,769.0,5505.0,3664.0,,,,,,,,,6906,4433,11339
"Anna University of Technology, Tirunelveli ",9,1,1,0,2,280.0,100.0,,380,275.0,90.0,,365,0.0,0.0,,,1404.0,1198.0,8634.0,5325.0,,,,,,,16.0,0.0,10054,6523,16577
"Anna University, Tiruchirapalli ",21,2,2,0,4,668.0,1096.0,,1764,668.0,1096.0,,1764,,,,,1541.0,1230.0,9548.0,4713.0,,,,,,,,,11089,5943,17032
"Apeejay Stya University, Sohna ",22,1,1,0,2,271.0,214.0,,485,11.0,5.0,,16,0.0,0.0,,,0.0,0.0,0.0,0.0,,,,,,,0.0,0.0,0,0,0
"A.P. Horticulture University Venkannagudem, T.P. Gudem, West Godawari ",4,4,4,1,9,500.0,430.0,250.0,1180,540.0,557.0,250.0,1347,0.0,0.0,,,17.0,16.0,107.0,105.0,,,60.0,61.0,,,,,184,182,366
"A.P. University of Law, Vishakhapatnam ",3,1,1,1,3,60.0,40.0,20.0,120,60.0,40.0,20.0,120,0.0,0.0,,,,,,,,,,,,,0.0,0.0,0,0,0
"Arni University, Katgarh , Kangra ",28,3,1,0,4,587.0,192.0,,779,357.0,119.0,,476,,,0.0,0.0,104.0,81.0,0.0,0.0,,,0.0,0.0,,,,,104,81,185
"Assam Agricultural University, Jorhat ",39,4,7,0,11,270.0,579.0,,849,270.0,579.0,,849,5.0,12.0,,,42.0,52.0,130.0,134.0,,,,,,,,,177,198,375
"Assam Doon Bosco University, Guwahati ",20,3,2,0,5,340.0,240.0,,580,240.0,210.0,,450,0.0,0.0,,,23.0,11.0,0.0,0.0,0.0,0.0,,,,,,,23,11,34
"Assam University, Silchar ",31,4,3,0,7,314.0,275.0,,589,314.0,275.0,,589,,,,,410.0,353.0,891.0,1121.0,,,,,1.0,2.0,33.0,33.0,1335,1509,2844
"Atal Bihari Vajpayee Indian Institute of Information Technology and Management, Gwalior ",6,3,1,0,4,880.0,237.0,,1117,622.0,152.0,,774,5.0,2.0,,,100.0,22.0,,,,,,,,,69.0,9.0,174,33,207
"Awadesh Pratap Singh University, Rewa ",46,1,1,0,2,100.0,100.0,,200,200.0,200.0,,400,49.0,19.0,496.0,198.0,2479.0,3202.0,17182.0,17044.0,46.0,19.0,169.0,100.0,37.0,13.0,0.0,0.0,20458,20595,41053
"Azim Premji University, Bangalore ",2,1,1,0,2,54.0,42.0,,96,45.0,23.0,,68,,,,,0.0,0.0,,,,,,,,,,,0,0,0
"Baba Ghulam Shah Badshah University, Jammu ",25,5,4,0,9,583.0,245.0,,828,547.0,212.0,,759,0.0,0.0,0.0,0.0,84.0,28.0,39.0,5.0,,,,,,,,,123,33,156
"Babasaheb Bhimrao Ambedkar Bihar University, Muzaffarpur ",23,6,4,0,10,555.0,255.0,,810,204.0,335.0,,539,,,,,1946.0,798.0,29743.0,19322.0,,,,,1307.0,408.0,,,32996,20528,53524
"Babasheb Bhimrao Ambedkar University, Lucknow ",42,2,1,0,3,317.0,382.0,,699,232.0,247.0,,479,23.0,10.0,,,206.0,108.0,,,,,,,,,,,229,118,347
"Babu Banarsi Das University, Lucknow ",40,3,4,0,7,933.0,1096.0,,2029,933.0,1084.0,,2017,0.0,0.0,,,0.0,0.0,0.0,0.0,,,,,,,,,0,0,0
"Baddi University of Emerging Sciences and Technology, Budha , Solan ",15,2,1,1,4,1200.0,500.0,120.0,1820,1118.0,400.0,117.0,1635,,,,,102.0,28.0,303.0,121.0,,,,,,,,,405,149,554
"Bahra University, Solan ",9,1,1,0,2,192.0,72.0,,264,161.0,63.0,,224,0.0,0.0,,,10.0,5.0,0.0,0.0,,,,,,,,,10,5,15
"Banaras Hindu University, Banaras ",293,41,25,1,67,5342.0,1606.0,0.0,6948,10233.0,3838.0,0.0,14071,258.0,169.0,,,1681.0,1302.0,2753.0,3135.0,0.0,0.0,0.0,42.0,0.0,49.0,,,4692,4697,9389
Banasthali Vidyapith ,59,0,27,0,27,,7868.0,,7868,,7840.0,,7840,55.0,296.0,0.0,44.0,0.0,4348.0,0.0,4369.0,0.0,17.0,,,,,,,55,9074,9129
"Bangalore University, Bangalore ",114,8,4,0,12,1756.0,730.0,,2486,1488.0,723.0,,2211,77.0,40.0,,,6893.0,6019.0,30934.0,39357.0,19.0,51.0,40.0,182.0,93.0,469.0,3.0,2.0,38059,46120,84179
"Barkatullah University, Bhopal ",47,3,2,0,5,356.0,210.0,,566,356.0,210.0,,566,39.0,46.0,0.0,14.0,5355.0,5451.0,22186.0,25802.0,256.0,255.0,131.0,292.0,2.0,1.0,10.0,8.0,27979,31869,59848
"Berhampur University, Berhampur ",43,6,4,0,10,482.0,292.0,,774,364.0,284.0,,648,,,53.0,49.0,750.0,522.0,2523.0,2039.0,6.0,2.0,,,,,,,3332,2612,5944
"Bhagat Phool Singh Mahila University, Khanpur Kalan, Sonipat ",26,0,15,0,15,,1596.0,,1596,,2929.0,,2929,0.0,3.0,,,0.0,147.0,0.0,831.0,,,0.0,54.0,0.0,49.0,0.0,96.0,0,1180,1180
"Bhagwant University, Ajmer ",49,1,1,0,2,300.0,50.0,,350,298.0,47.0,,345,,,,,67.0,7.0,150.0,50.0,,,0.0,0.0,,,,,217,57,274
"Bharathiar University, Coimbatore ",170,4,4,1,9,619.0,602.0,45.0,1266,868.0,1020.0,8.0,1896,237.0,206.0,1743.0,552.0,5744.0,8955.0,15245.0,24638.0,85.0,177.0,14.0,38.0,0.0,80.0,0.0,0.0,23068,34646,57714
"Bharathidasan University, Tiruchirappalli ",55,4,4,0,8,1300.0,1040.0,,2340,1250.0,985.0,,2235,181.0,81.0,1058.0,1901.0,4607.0,8624.0,12755.0,29585.0,139.0,261.0,190.0,393.0,110.0,150.0,7.0,3.0,19047,40998,60045
"Bharat Ratana Dr. B. R. Ambedkar University, Dwarka ",22,1,1,0,2,24.0,24.0,,48,23.0,21.0,,44,0.0,0.0,0.0,0.0,22.0,54.0,0.0,0.0,,,,,,,,,22,54,76
"Bhatkhande Music Institute, Lucknow ",33,1,1,1,3,10.0,53.0,4.0,67,6.0,67.0,1.0,74,0.0,0.0,,,22.0,48.0,14.0,17.0,,,227.0,309.0,,,,,263,374,637
"Bhupendra Narayan Mandal University, Madhepura ",28,0,1,0,1,,40.0,,40,,0.0,,0,255.0,100.0,,,485.0,359.0,16688.0,8179.0,2.0,2.0,,,,,0.0,0.0,17430,8640,26070
"Bidhan Chandra Krishi Vishwavidyalaya , Nadia ",9,6,2,0,8,1142.0,278.0,,1420,682.0,370.0,,1052,0.0,0.0,,,0.0,0.0,0.0,0.0,,,,,,,,,0,0,0
"Birla Institute of Technology, Ranchi ",56,12,3,0,15,2594.0,926.0,,3520,2539.0,922.0,,3461,,,,,346.0,105.0,484.0,111.0,0.0,0.0,,,0.0,0.0,,,830,216,1046
"Birsa Agricultural University, Ranchi ",15,10,6,0,16,694.0,361.0,,1055,339.0,282.0,,621,7.0,0.0,,,34.0,0.0,45.0,14.0,,,6.0,2.0,0.0,0.0,,,92,16,108
"B.L.D.E. University, Bijapur ",4,3,2,2,7,391.0,330.0,96.0,817,360.0,284.0,78.0,722,0.0,0.0,,,12.0,9.0,0.0,0.0,12.0,13.0,,,,,,,24,22,46
"Bundelkhand University, Jhansi ",83,3,4,0,7,302.0,552.0,,854,302.0,552.0,,854,1.0,1.0,144.0,94.0,2896.0,2871.0,46546.0,45399.0,,,35.0,63.0,,,100.0,66.0,49722,48494,98216
"Burdwan University, Burdwan ",43,6,5,0,11,892.0,832.0,,1724,892.0,832.0,,1724,0.0,0.0,,,5853.0,7068.0,32686.0,31261.0,64.0,36.0,40.0,17.0,0.0,0.0,79.0,118.0,38722,38500,77222
"Calcutta University, Kolkata ",269,9,7,0,16,805.0,471.0,,1276,796.0,465.0,,1261,0.0,0.0,40.0,0.0,3712.0,687.0,34916.0,26979.0,136.0,0.0,93.0,52.0,264.0,203.0,75.0,35.0,39236,27956,67192
"Calicut University, Thenhipalem, Malapuram ",69,5,3,2,10,288.0,1244.0,48.0,1580,281.0,1240.0,48.0,1569,17.0,18.0,7.0,63.0,924.0,3515.0,8301.0,18917.0,6.0,41.0,0.0,71.0,49.0,348.0,7.0,11.0,9311,22984,32295
"Central Institute of Fisheries Education, Fishries University, Mumbai ",24,1,1,1,3,89.0,60.0,140.0,289,89.0,60.0,140.0,289,18.0,5.0,,,52.0,3.0,,,,,,,,,,,70,8,78
"Central Institute of Higher Tibetan Studies, Varanasi ",11,1,1,2,4,120.0,50.0,75.0,245,125.0,50.0,15.0,190,2.0,0.0,4.0,0.0,52.0,28.0,235.0,112.0,,,,,,,,,293,140,433
"Central Univeristy of Gujarat, Gandhinagar ",19,2,2,0,4,59.0,63.0,,122,56.0,61.0,,117,,,,,6.0,5.0,,,,,,,,,20.0,14.0,26,19,45
"Central Univeristy of Kerala, Trivandrum ",16,2,2,0,4,91.0,125.0,,216,75.0,93.0,,168,0.0,0.0,,,7.0,10.0,,,,,,,,,,,7,10,17
"Central University of Bihar, Patna ",9,1,1,0,2,25.0,14.0,,39,19.0,14.0,,33,,,,,19.0,6.0,,,,,,,,,,,19,6,25
"Central University of Himachal Pradesh, Dharmshala, Kangra ",30,1,1,0,2,100.0,45.0,,145,52.0,25.0,,77,0.0,0.0,,,68.0,47.0,,,,,,,,,,,68,47,115
"Central University of Jharkhand, Ranchi ",10,1,1,0,2,800.0,350.0,,1150,434.0,325.0,,759,,,,,,,,,,,,,,,0.0,0.0,0,0,0
"Central University of Karnataka, Gulbarga ",16,1,1,0,2,59.0,23.0,,82,59.0,23.0,,82,0.0,0.0,0.0,0.0,61.0,26.0,0.0,0.0,,,,,,,,,61,26,87
"Central University of Kashmir, Srinagar ",7,2,1,0,3,60.0,20.0,,80,60.0,20.0,,80,,,,,119.0,33.0,,,,,,,,,0.0,0.0,119,33,152
"Central University of Orissa, Koraput ",8,1,1,0,2,70.0,50.0,,120,70.0,50.0,,120,,,,,58.0,68.0,,,,,,,,,0.0,0.0,58,68,126
"Central University of Punjab, Bathhinda ",10,1,1,0,2,46.0,36.0,,82,32.0,36.0,,68,,,,,0.0,0.0,,,,,,,,,0.0,0.0,0,0,0
"Central University of Rajasthan, Jaipur ",14,1,1,0,2,168.0,420.0,,588,108.0,286.0,,394,,,,,6.0,11.0,,,,,,,,,,,6,11,17
"Central University of Tamil Nadu, Tiruvarur ",8,1,1,0,2,100.0,100.0,,200,51.0,50.0,,101,,,,,5.0,3.0,,,,,,,,,0.0,0.0,5,3,8
"Centre for Environmental Planning and Technology University, Ahmedabad ",25,2,3,0,5,90.0,65.0,,155,90.0,65.0,,155,,,,,163.0,158.0,44.0,42.0,,,,,,,,,207,200,407
Centurion University of Technology and Management ,12,5,2,0,7,278.0,97.0,,375,978.0,324.0,,1302,,,,,0.0,0.0,0.0,0.0,,,,,,,,,0,0,0
"Chankaya National Law University, Patna ",3,1,1,0,2,316.0,316.0,,632,235.0,221.0,,456,0.0,0.0,,,0.0,0.0,,,,,,,,,56.0,24.0,56,24,80
"Chatrapati Sahuji Maharaj Kanpur University, Kanpur ",56,1,4,0,5,200.0,233.0,,433,400.0,466.0,,866,370.0,454.0,93.0,70.0,12818.0,21910.0,205925.0,201199.0,41.0,28.0,53.0,35.0,131.0,98.0,0.0,0.0,219431,223794,443225
"Chaudhary Sarwan Kumar Himachal Pardesh Krishi Vishvavidyalaya, Palampur ",53,4,5,1,10,266.0,297.0,13.0,576,237.0,393.0,9.0,639,4.0,6.0,,,43.0,59.0,43.0,88.0,,,,,,,,,90,153,243
"Ch. Devi Lal University, Sirsa ",64,2,2,0,4,320.0,440.0,,760,327.0,497.0,,824,0.0,0.0,40.0,40.0,414.0,765.0,3321.0,7882.0,,,245.0,441.0,146.0,39.0,7.0,0.0,4173,9167,13340
"Chennai Mathematical Institue, Chennai ",8,0,0,1,1,,,168.0,168,,,168.0,168,2.0,0.0,,,19.0,6.0,5.0,0.0,,,,,,,,,26,6,32
"Chitkara University, Kalu Jhanda , Solan ",7,4,4,0,8,781.0,484.0,,1265,744.0,457.0,,1201,0.0,0.0,,,86.0,72.0,33.0,10.0,,,,,,,,,119,82,201
"Chitkara University, Patiala ",29,1,1,0,2,500.0,300.0,,800,450.0,290.0,,740,0.0,0.0,,,107.0,0.0,587.0,97.0,,,,,,,,,694,97,791
"Choudhary Charan Singh University, Meerut ",36,6,2,0,8,1085.0,468.0,,1553,1085.0,468.0,,1553,150.0,192.0,0.0,0.0,3398.0,5784.0,28570.0,32190.0,,,65.0,239.0,0.0,0.0,102.0,88.0,32285,38493,70778
"Christ University, Bangalore ",111,1,1,0,2,905.0,380.0,,1285,649.0,380.0,,1029,0.0,0.0,30.0,63.0,602.0,608.0,775.0,887.0,36.0,14.0,,,,,0.0,0.0,1443,1572,3015
Dakshina Bharat Hindi Prachar Sabha ,6,0,1,0,1,,40.0,,40,,0.0,,0,4.0,6.0,30.0,31.0,20.0,29.0,,,20.0,29.0,,,,,,,74,95,169
"Datta Meghe Institute of Medical Sciences, Nagpur ",55,6,9,3,18,758.0,1759.0,270.0,2787,592.0,1612.0,248.0,2452,,,,,51.0,68.0,108.0,276.0,8.0,12.0,,,,,,,167,356,523
"Davangere University, Davangere ",18,2,2,0,4,388.0,400.0,,788,292.0,347.0,,639,,,,,906.0,821.0,6876.0,7185.0,,,0.0,0.0,0.0,0.0,,,7782,8006,15788
"Dayalbagh Educational Institute, Agra ",97,2,2,0,4,234.0,230.0,,464,234.0,230.0,,464,6.0,32.0,14.0,93.0,66.0,268.0,271.0,690.0,53.0,97.0,8.0,0.0,532.0,536.0,0.0,0.0,950,1716,2666
"Deen Dayal Upadhyay Gorakhpur University, Gorakhpur ",48,4,2,0,6,583.0,524.0,,1107,629.0,455.0,,1084,3.0,5.0,,,1631.0,4819.0,10212.0,11440.0,3.0,0.0,173.0,296.0,225.0,130.0,,,12247,16690,28937
"Defence Institute of Advanced Technology, Girinagar, Pune ",13,1,1,0,2,272.0,128.0,,400,220.0,60.0,,280,,,,,93.0,9.0,,,,,,,,,,,93,9,102
Delhi Technological University ,47,8,5,0,13,1284.0,334.0,,1618,1281.0,332.0,,1613,0.0,0.0,,,65.0,17.0,427.0,46.0,,,,,,,,,492,63,555
"Devi Ahilya Vishwavidyalaya, Indore ",71,7,4,0,11,1078.0,731.0,,1809,1078.0,731.0,,1809,7.0,8.0,46.0,8.0,5714.0,4129.0,21122.0,22811.0,225.0,179.0,135.0,160.0,32.0,10.0,,,27281,27305,54586
"Dev Sanskrit Vishwavidyalaya Gayatrikunj, Haridwar ",20,2,2,1,5,576.0,560.0,32.0,1168,314.0,482.0,9.0,805,7.0,9.0,,,41.0,83.0,42.0,81.0,134.0,202.0,0.0,0.0,,,,,224,375,599
"Dharmsinh Desai univeristy, Nadiad ",32,1,1,0,2,650.0,90.0,,740,650.0,90.0,,740,4.0,1.0,,,220.0,37.0,1043.0,172.0,,,32.0,0.0,,,,,1299,210,1509
"Dibrugarh University, Dibrugarh ",68,5,4,1,10,558.0,525.0,153.0,1236,558.0,525.0,153.0,1236,45.0,28.0,4.0,1.0,448.0,619.0,5206.0,7581.0,86.0,170.0,49.0,55.0,92.0,171.0,23.0,28.0,5953,8653,14606
"Doon University, Dehradun ",10,1,1,0,2,207.0,241.0,,448,167.0,203.0,,370,,,,,23.0,39.0,,,,,,,,,0.0,0.0,23,39,62
"Dravidian University, Kuppam, Chittoor District ",100,2,2,0,4,252.0,244.0,,496,252.0,172.0,,424,7.0,0.0,4.0,1.0,2215.0,649.0,265.0,82.0,0.0,0.0,,,0.0,0.0,0.0,0.0,2491,732,3223
"Dr. Babasaheb Ambedkar Marathwada University, Aurangabad ",87,6,4,0,10,460.0,350.0,,810,460.0,350.0,,810,0.0,0.0,197.0,65.0,4272.0,2388.0,19327.0,9488.0,156.0,71.0,43.0,14.0,94.0,50.0,,,24089,12076,36165
"Dr. Babasaheb Ambedkar Technological University, Lonere ",15,2,3,0,5,480.0,600.0,,1080,380.0,540.0,,920,,,,,79.0,40.0,294.0,128.0,,,,,,,,,373,168,541
"Dr. Balasaheb Sawant Konkan Krishi Vidyaapeeth, Ratnagiri ",50,8,3,0,11,525.0,408.0,,933,560.0,398.0,,958,15.0,3.0,,,60.0,25.0,429.0,158.0,,,,,,,,,504,186,690
"Dr. B. R. Ambedkar National Institute of Technology, Jalandhar ",34,7,3,0,10,1273.0,357.0,,1630,1957.0,494.0,,2451,0.0,0.0,,,6.0,10.0,387.0,99.0,,,,,,,,,393,109,502
"Dr. B. R. Ambedkar University, Agra ",87,0,2,0,2,,68.0,,68,,55.0,,55,30.0,20.0,60.0,80.0,3394.0,3999.0,44228.0,40069.0,78.0,41.0,27.0,50.0,87.0,36.0,467.0,89.0,48371,44384,92755
"Dr.B.R.Ambedkar University, Etcherla ",16,1,1,0,2,500.0,200.0,,700,315.0,184.0,,499,,,,,638.0,349.0,4290.0,4000.0,,,,,,,12.0,7.0,4940,4356,9296
"Dr. C. V. Raman University, Kota Bilaspur ",43,2,0,0,2,160.0,,,160,160.0,,,160,,,73.0,168.0,62.0,38.0,261.0,91.0,34.0,16.0,34.0,19.0,,,,,464,332,796
"Dr. Harisingh Gaur Vishwavidyalaya, Sagar ",92,4,2,0,6,930.0,400.0,,1330,399.0,386.0,,785,33.0,111.0,0.0,0.0,2274.0,3210.0,22218.0,27248.0,215.0,157.0,247.0,151.0,0.0,28.0,16.0,9.0,25003,30914,55917
"Dr K N Modi University, Tonk ",7,2,1,0,3,500.0,100.0,,600,257.0,42.0,,299,,,,,16.0,4.0,130.0,30.0,,,22.0,3.0,,,,,168,37,205
"Dr. Punjarao Deshmukh Krishi Vidyapeeth, Akola ",31,7,3,0,10,584.0,408.0,,992,584.0,408.0,,992,15.0,0.0,,,316.0,0.0,977.0,0.0,,,,,0.0,0.0,,,1308,0,1308
"Dr. Ram Manohar Lohia Awadh University, Faizabad ",16,3,1,0,4,350.0,150.0,,500,350.0,150.0,,500,0.0,0.0,,,2900.0,2080.0,5343.0,5052.0,16.0,28.0,,,,,,,8259,7160,15419
"Dr. Ram Manohar Lohiya National Law University, Lucknow ",2,2,1,0,3,960.0,480.0,,1440,432.0,330.0,,762,,,,,9.0,2.0,,,,,,,,,40.0,32.0,49,34,83
"D.Y. Patil Educational Society , Kolhapur ",7,3,2,0,5,230.0,222.0,,452,203.0,206.0,,409,,,,,50.0,14.0,143.0,83.0,8.0,4.0,,,,,,,201,101,302
"Eastern Institute for Integrated Learning in Management University, Jorethang ",10,1,1,0,2,15.0,78.0,,93,15.0,78.0,,93,,,,,14.0,3.0,14.0,28.0,,,,,,,,,28,31,59
"Eternal University, Baru Sahib Sirmour ",18,1,2,0,3,100.0,700.0,,800,90.0,645.0,,735,0.0,0.0,,,0.0,0.0,0.0,0.0,,,,,,,,,0,0,0
"Fakir Mohan University, Balasore ",27,1,1,0,2,50.0,100.0,,150,50.0,100.0,,150,50.0,29.0,22.0,31.0,1106.0,255.0,3280.0,3433.0,56.0,67.0,0.0,0.0,,,,,4514,3815,8329
"Forest Research Institute, Dehradun ",5,3,2,0,5,177.0,178.0,,355,177.0,178.0,,355,,,,,68.0,36.0,,,0.0,0.0,,,,,,,68,36,104
GALGOTIAS UNIVERSITY ,12,1,0,0,1,300.0,,,300,300.0,,,300,,,,,0.0,0.0,0.0,0.0,,,,,,,,,0,0,0
"Gandhigram Rural Institute, Dindigul ",73,1,1,1,3,325.0,300.0,50.0,675,350.0,310.0,50.0,710,33.0,14.0,29.0,50.0,76.0,196.0,41.0,115.0,45.0,11.0,20.0,11.0,,,0.0,0.0,244,397,641
"Ganpat Univeristy, Vidyanagar, Gandhinagar ",11,3,4,0,7,1186.0,862.0,,2048,1021.0,582.0,,1603,21.0,8.0,22.0,13.0,489.0,360.0,799.0,292.0,,,,,,,93.0,62.0,1424,735,2159
"Gauhati University, Guwahati ",136,11,9,0,20,820.0,810.0,,1630,546.0,760.0,,1306,120.0,90.0,19.0,34.0,1650.0,3135.0,14330.0,14503.0,219.0,414.0,1.0,5.0,36.0,47.0,740.0,132.0,17115,18360,35475
"Gautam Buddha University, Greater Noida, Gautam Budh Nagar ",28,6,3,1,10,1496.0,756.0,76.0,2328,1210.0,460.0,0.0,1670,0.0,0.0,,,84.0,27.0,,,,,,,,,0.0,0.0,84,27,111
"G.L.A University, Mathura ",24,5,2,0,7,1408.0,630.0,,2038,1527.0,444.0,,1971,0.0,0.0,,,333.0,142.0,585.0,208.0,,,,,,,,,918,350,1268
"Goa University, Goa ",60,1,1,1,3,128.0,200.0,14.0,342,128.0,180.0,6.0,314,0.0,0.0,0.0,0.0,280.0,707.0,2351.0,4222.0,24.0,13.0,12.0,59.0,4.0,13.0,,,2671,5014,7685
"Graphic Era University, Dehradun ",38,5,3,0,8,829.0,579.0,,1408,793.0,578.0,,1371,0.0,0.0,,,339.0,222.0,839.0,376.0,,,,,,,,,1178,598,1776
"Gujarat Ayurveda University, Jamnagar ",10,2,3,1,6,191.0,229.0,22.0,442,147.0,157.0,15.0,319,9.0,4.0,,,91.0,48.0,703.0,905.0,1.0,13.0,30.0,30.0,,,,,834,1000,1834
"Gujarat Forensic Science University, Gandhinagar ",10,0,0,1,1,,,40.0,40,,,30.0,30,0.0,0.0,0.0,0.0,28.0,37.0,,,11.0,12.0,,,10.0,4.0,,,49,53,102
"Gujarat National Law University, Gandhinagar ",9,1,1,0,2,450.0,450.0,,900,435.0,386.0,,821,0.0,0.0,,,0.0,0.0,,,,,0.0,0.0,,,49.0,62.0,49,62,111
"Gujarat University, Ahmedabad ",99,6,3,0,9,558.0,273.0,,831,558.0,273.0,,831,6.0,2.0,100.0,146.0,1893.0,2960.0,41991.0,40156.0,200.0,130.0,88.0,136.0,96.0,77.0,664.0,1432.0,45038,45039,90077
"Gujarat Vidyapith, Ahmedabad ",75,6,4,1,11,992.0,722.0,10.0,1724,909.0,680.0,12.0,1601,21.0,5.0,30.0,20.0,223.0,139.0,136.0,151.0,28.0,9.0,,,,,,,438,324,762
"Gulbarga University, Gulbarga ",109,4,2,0,6,604.0,135.0,,739,604.0,135.0,,739,147.0,0.0,67.0,61.0,2017.0,1598.0,11858.0,8393.0,68.0,33.0,2.0,9.0,101.0,49.0,,,14260,10143,24403
"Guru Ghasidas Vishwavidyalaya, Bilaspur ",67,1,2,0,3,290.0,279.0,,569,290.0,279.0,,569,25.0,23.0,,,1735.0,1980.0,9502.0,9711.0,446.0,424.0,185.0,48.0,,,0.0,0.0,11893,12186,24079
Guru Gobind Singh Indraprastha University ,37,1,1,0,2,123.0,243.0,,366,79.0,234.0,,313,11.0,8.0,,,1514.0,1260.0,6834.0,5209.0,,,93.0,559.0,,,89.0,47.0,8541,7083,15624
"Guru Jambheshwar University of Science and Technology, Hissar ",72,3,3,1,7,800.0,762.0,90.0,1652,943.0,1027.0,90.0,2060,19.0,22.0,,,1313.0,1321.0,1513.0,933.0,39.0,53.0,,,,,,,2884,2329,5213
GURU KASHI UNIVERSITY ,15,3,1,0,4,585.0,200.0,,785,337.0,135.0,,472,,,,,0.0,0.0,0.0,0.0,,,,,,,,,0,0,0
"Gurukul Kangri Vishwavidyalaya, Haridwar ",52,2,1,0,3,420.0,70.0,,490,380.0,68.0,,448,56.0,49.0,,,251.0,232.0,444.0,28.0,19.0,0.0,,,,,,,770,309,1079
"Guru Nanak Dev University, Amritsar ",124,2,4,0,6,1297.0,1639.0,,2936,1191.0,1639.0,,2830,,,30.0,113.0,1226.0,3606.0,6651.0,17931.0,106.0,478.0,71.0,245.0,38.0,74.0,180.0,180.0,8302,22627,30929
"Hemchandracharya North Gujart University, Patan ",37,1,1,0,2,138.0,93.0,,231,124.0,93.0,,217,27.0,5.0,43.0,11.0,2017.0,2955.0,24631.0,22537.0,355.0,229.0,,,174.0,136.0,377.0,309.0,27624,26182,53806
"Hemwati Nandan Bahuguna Garhwal Univeristy, Srinagar, Garhwal ",148,8,7,0,15,779.0,510.0,,1289,494.0,368.0,,862,718.0,580.0,7.0,7.0,1687.0,2891.0,14535.0,23145.0,43.0,58.0,8.0,4.0,0.0,0.0,4.0,11.0,17002,26696,43698
"Hidayatullah National Law University, Raipur ",2,1,1,0,2,400.0,400.0,,800,298.0,265.0,,563,,,,,0.0,0.0,,,,,,,,,28.0,19.0,28,19,47
"HIHT University, Dehradun ",24,1,1,1,3,360.0,236.0,84.0,680,263.0,198.0,82.0,543,,,,,29.0,20.0,0.0,0.0,9.0,6.0,,,,,,,38,26,64
"Himachal Pradesh University , Shimla ",123,4,10,0,14,593.0,1070.0,,1663,593.0,1070.0,,1663,49.0,34.0,113.0,125.0,938.0,1989.0,25783.0,33177.0,258.0,402.0,44.0,67.0,15.0,31.0,14.0,6.0,27214,35831,63045
"Hindustan Institute of Technology and Science, Kancheepuram ",35,4,3,3,10,808.0,376.0,75.0,1259,808.0,376.0,75.0,1259,,,,,345.0,56.0,629.0,114.0,,,,,,,,,974,170,1144
"Homoeopathy University, Jaipur ",2,1,1,0,2,100.0,100.0,,200,27.0,26.0,,53,,,,,0.0,0.0,0.0,0.0,,,,,,,,,0,0,0
"ICFAI Foundation for Higher Education, Hyderabad ",5,1,1,1,3,2000.0,1200.0,36.0,3236,975.0,845.0,0.0,1820,0.0,0.0,,,547.0,385.0,0.0,0.0,,,,,,,,,547,385,932
"IFTM University, Moradabad ",41,4,1,0,5,3500.0,1200.0,,4700,3435.0,1167.0,,4602,0.0,0.0,,,0.0,0.0,0.0,0.0,,,0.0,0.0,,,,,0,0,0
"I.I.S. University, Jaipur ",151,0,2,0,2,,284.0,,284,,284.0,,284,0.0,0.0,0.0,1.0,0.0,250.0,0.0,783.0,0.0,0.0,,,,,,,0,1034,1034
"Indian Institute of Foreign Trade, Delhi ",6,3,1,0,4,303.0,52.0,,355,251.0,52.0,,303,,,,,227.0,62.0,,,182.0,23.0,,,,,,,409,85,494
"Indian Institute of Information Technology, Allahabad ",5,5,3,0,8,1975.0,388.0,,2363,1166.0,244.0,,1410,,,,,164.0,55.0,190.0,19.0,,,,,,,,,354,74,428
"Indian Institute of Science, Bangalore ",66,9,5,0,14,2017.0,464.0,,2481,1924.0,460.0,,2384,110.0,44.0,,,369.0,33.0,0.0,0.0,,,,,,,0.0,0.0,479,77,556
"Indian Institute of Space Science and Technology, Thiruvananthapuram ",12,6,1,0,7,536.0,86.0,,622,472.0,78.0,,550,0.0,0.0,,,0.0,0.0,116.0,10.0,,,,,,,,,116,10,126
"INDIAN INSTITUTE OF TEACHER EDUCATION, GANDHINAGAR ",2,0,0,1,1,,,456.0,456,,,266.0,266,,,,,,,,,,,,,,,64.0,26.0,64,26,90
"Indian Institute of Technology, Bhubaneshwar ",12,2,1,0,3,450.0,54.0,,504,423.0,48.0,,471,0.0,0.0,,,,,0.0,0.0,,,,,,,,,0,0,0
"Indian Institute of Technology, Chennai ",77,15,2,0,17,5723.0,1115.0,,6838,5390.0,1109.0,,6499,132.0,42.0,,,608.0,88.0,227.0,22.0,,,,,,,208.0,22.0,1175,174,1349
"Indian Institute of Technology, Delhi ",92,10,2,3,15,5382.0,1571.0,218.0,7171,4997.0,1139.0,190.0,6326,124.0,42.0,,,625.0,120.0,364.0,36.0,38.0,1.0,,,,,63.0,11.0,1214,210,1424
"Indian Institute of Technology, Gandhinagar ",10,2,1,0,3,475.0,60.0,,535,466.0,57.0,,523,0.0,0.0,,,0.0,0.0,0.0,0.0,,,,,,,,,0,0,0
"Indian Institute of Technology, Guwahati ",37,9,1,1,11,4246.0,604.0,98.0,4948,3610.0,524.0,98.0,4232,43.0,17.0,,,293.0,44.0,323.0,17.0,,,,,,,0.0,0.0,659,78,737
"Indian Institute of Technology, Hyderabad ",23,1,1,0,2,775.0,121.0,,896,631.0,95.0,,726,0.0,0.0,,,27.0,3.0,0.0,0.0,,,,,,,,,27,3,30
"Indian Institute of Technology, Indore ",12,2,1,0,3,340.0,55.0,,395,318.0,53.0,,371,0.0,0.0,,,,,0.0,0.0,,,,,,,,,0,0,0
"Indian Institute of Technology, Jodhpur ",10,1,1,0,2,700.0,100.0,,800,508.0,48.0,,556,0.0,0.0,,,0.0,0.0,103.0,0.0,,,,,,,,,103,0,103
"Indian Institute of Technology, Kaharagpur ",114,13,5,1,19,8274.0,1097.0,90.0,9461,7452.0,1280.0,90.0,8822,193.0,43.0,0.0,0.0,880.0,133.0,355.0,44.0,,,,,,,,,1428,220,1648
"Indian Institute of Technology, Kanpur ",55,9,2,1,12,4304.0,505.0,72.0,4881,4374.0,644.0,69.0,5087,84.0,19.0,,,330.0,69.0,300.0,13.0,,,,,,,194.0,10.0,908,111,1019
"Indian Institute of Technology, Mandi ",12,4,1,0,5,346.0,31.0,,377,307.0,38.0,,345,0.0,0.0,,,0.0,0.0,0.0,0.0,,,,,,,,,0,0,0
"Indian Institute of Technology, Mumbai ",62,12,2,0,14,4337.0,606.0,,4943,5843.0,1064.0,,6907,170.0,0.0,8.0,0.0,722.0,0.0,371.0,0.0,,,,,,,18.0,0.0,1289,0,1289
"Indian Institute of Technology, Patna ",10,4,1,0,5,690.0,72.0,,762,477.0,55.0,,532,0.0,0.0,,,,,0.0,0.0,,,,,,,,,0,0,0
"Indian Institute of Technology, Roorkee ",92,10,3,6,19,6475.0,1228.0,412.0,8115,5795.0,1046.0,373.0,7214,74.0,35.0,,,453.0,0.0,532.0,0.0,,,,,,,88.0,6.0,1147,41,1188
"Indian Institute of Technology, Ropar ",10,3,1,0,4,321.0,50.0,,371,310.0,37.0,,347,0.0,0.0,,,,,0.0,0.0,,,,,,,,,0,0,0
Indian Maritime University ,12,24,1,0,25,2331.0,10.0,,2341,2271.0,10.0,,2281,,,,,72.0,11.0,0.0,0.0,,,0.0,0.0,,,,,72,11,83
"Indian School of Mines, Dhanbad ",43,7,1,0,8,3280.0,550.0,,3830,3200.0,500.0,,3700,11.0,8.0,5.0,4.0,257.0,91.0,339.0,21.0,,,,,,,69.0,2.0,681,126,807
"Indian Statistical Institute, Kolkata ",10,2,1,1,4,269.0,52.0,86.0,407,180.0,31.0,73.0,284,8.0,3.0,,,55.0,22.0,33.0,8.0,4.0,0.0,,,,,,,100,33,133
"Indian Veterinary Research Institute, Izatnagar ",42,4,1,1,6,293.0,100.0,22.0,415,293.0,100.0,22.0,415,53.0,13.0,,,105.0,19.0,,,,,,,,,,,158,32,190
"Indira Gandhi Institute of Development Research, Mumbai ",3,0,0,1,1,,,35.0,35,,,109.0,109,3.0,1.0,2.0,4.0,10.0,15.0,,,,,,,,,,,15,20,35
"Indira Gandhi Institute of Medical Sciences, Patna ",18,1,3,0,4,120.0,265.0,,385,120.0,265.0,,385,,,,,7.0,1.0,24.0,38.0,10.0,46.0,29.0,48.0,,,,,70,133,203
"Indira Gandhi National Tribal University, Amarkantak ",7,1,3,0,4,110.0,225.0,,335,102.0,225.0,,327,,,,,,,90.0,16.0,,,,,,,,,90,16,106
"Indira Kala Sangit Vishwavidyalaya, Khairagarh ",18,2,1,0,3,89.0,110.0,,199,89.0,107.0,,196,5.0,13.0,,,85.0,81.0,344.0,287.0,2.0,0.0,579.0,1099.0,0.0,0.0,,,1015,1480,2495
"Indus International University, Bathu, Una ",9,1,1,0,2,100.0,25.0,,125,3.0,0.0,,3,,,,,0.0,0.0,0.0,0.0,,,,,,,,,0,0,0
"Institute of Advanced Studies in Education, Churu ",16,2,2,2,6,439.0,315.0,60.0,814,278.0,170.0,54.0,502,5.0,5.0,4.0,0.0,22.0,21.0,263.0,118.0,,,0.0,0.0,,,,,294,144,438
"Institute of Chemical Technology, Mumbai ",54,3,2,0,5,645.0,215.0,,860,645.0,215.0,,860,46.0,8.0,,,102.0,78.0,147.0,75.0,0.0,0.0,,,,,,,295,161,456
"Institute of Liver and Bilary Sciences, New Delhi ",9,0,0,1,1,,,96.0,96,,,22.0,22,0.0,0.0,,,,,,,,,,,,,,,0,0,0
"Integral University, Lucknow ",48,1,1,0,2,1100.0,550.0,,1650,1048.0,537.0,,1585,12.0,3.0,,,220.0,153.0,884.0,295.0,,,62.0,0.0,,,,,1178,451,1629
"International Institute for Population Sciences, Mumbai ",4,1,1,0,2,120.0,48.0,,168,120.0,48.0,,168,10.0,2.0,10.0,4.0,38.0,14.0,,,,,,,,,,,58,20,78
"International Institute of Information Technology, Bangalore ",4,1,2,0,3,83.0,306.0,,389,68.0,293.0,,361,2.0,0.0,,,51.0,95.0,,,,,,,,,0.0,0.0,53,95,148
"International Institute of Information Technology, Hyderabad ",33,1,1,0,2,1096.0,240.0,,1336,1055.0,234.0,,1289,17.0,2.0,0.0,0.0,75.0,29.0,104.0,6.0,,,,,,,27.0,4.0,223,41,264
"Invertis University, Bareily ",3,4,3,0,7,622.0,471.0,,1093,622.0,308.0,,930,,,,,,,0.0,0.0,,,,,,,,,0,0,0
"ITM University, Gurgaon ",23,1,5,1,7,35.0,173.0,3.0,211,35.0,173.0,0.0,208,0.0,0.0,,,30.0,72.0,439.0,139.0,,,,,,,0.0,0.0,469,211,680
"ITM UNIVERSITY, GWALIOR ",33,1,0,0,1,200.0,,,200,200.0,,,200,,,,,0.0,0.0,44.0,49.0,0.0,0.0,0.0,0.0,,,0.0,0.0,44,49,93
"Jadavpur University, Kolkata ",135,9,2,0,11,1094.0,471.0,,1565,1094.0,444.0,,1538,0.0,4.0,39.0,69.0,733.0,557.0,944.0,592.0,13.0,16.0,,,,,,,1729,1238,2967
"Jagadguru Ramanandacharya Rajasthan Sanskrit University, Jaipur ",26,2,1,0,3,360.0,114.0,,474,109.0,51.0,,160,36.0,5.0,0.0,0.0,333.0,145.0,2511.0,989.0,63.0,4.0,,,11.0,43.0,64.0,35.0,3018,1221,4239
Jagadguru Rambhadracharya Handicapped University ,15,1,1,0,2,200.0,60.0,,260,394.0,121.0,,515,1.0,0.0,,,22.0,19.0,150.0,42.0,2.0,1.0,0.0,0.0,,,,,175,62,237
"Jagadguru Sri Shivarathreeswara University, Mysore ",2,4,4,0,8,837.0,851.0,,1688,607.0,842.0,,1449,0.0,0.0,,,99.0,72.0,110.0,120.0,10.0,13.0,,,,,,,219,205,424
"Jagannath University, Jaipur ",16,5,2,0,7,654.0,170.0,,824,480.0,144.0,,624,0.0,0.0,,,19.0,0.0,18.0,1.0,,,,,,,0.0,0.0,37,1,38
"Jai Narain Vyas University, Jodhpur ",90,4,2,0,6,997.0,440.0,,1437,992.0,418.0,,1410,38.0,41.0,78.0,72.0,1073.0,1292.0,5564.0,7117.0,187.0,46.0,,,0.0,99.0,31.0,13.0,6971,8680,15651
"Jain university,Bangalore ",82,1,1,0,2,1400.0,500.0,,1900,1100.0,480.0,,1580,0.0,0.0,0.0,15.0,52.0,97.0,0.0,0.0,,,,,,,,,52,112,164
"Jain Vishva Bharati Institute, Nagaur ",42,1,1,0,2,36.0,150.0,,186,10.0,99.0,,109,12.0,19.0,0.0,0.0,336.0,477.0,290.0,504.0,0.0,0.0,0.0,0.0,21.0,6.0,,,659,1006,1665
"Jaipur National University, Jaipur ",38,9,8,0,17,1096.0,1233.0,,2329,836.0,995.0,,1831,23.0,11.0,0.0,0.0,222.0,112.0,613.0,228.0,10.0,6.0,35.0,28.0,,,,,903,385,1288
Jamia Hamdard ,75,3,5,0,8,592.0,426.0,,1018,592.0,426.0,,1018,32.0,15.0,0.0,2.0,486.0,268.0,1500.0,429.0,87.0,83.0,64.0,33.0,2.0,0.0,,,2171,830,3001
Jamia Millia Islamia University ,70,6,3,0,9,831.0,454.0,,1285,831.0,454.0,,1285,116.0,84.0,19.0,33.0,630.0,530.0,1157.0,472.0,99.0,81.0,508.0,134.0,152.0,66.0,24.0,29.0,2705,1429,4134
"Jawaharlal Nehru Centre for Advanced Scientific Research, Banaglore ",18,4,2,0,6,187.0,137.0,,324,167.0,105.0,,272,12.0,6.0,,,14.0,3.0,,,1.0,0.0,17.0,0.0,,,7.0,2.0,51,11,62
"Jawaharlal Nehru Technological University, Anantapur ",27,8,4,0,12,1677.0,892.0,,2569,1694.0,902.0,,2596,,,,,5166.0,2879.0,14601.0,10447.0,,,100.0,24.0,,,,,19867,13350,33217
"Jawaharlal Nehru Technological University, Hyderabad ",49,3,4,2,9,606.0,693.0,48.0,1347,606.0,693.0,48.0,1347,3.0,2.0,,,8534.0,5503.0,30945.0,21847.0,,,37.0,35.0,,,0.0,0.0,39519,27387,66906
"Jawaharlal Nehru Technological University, Kakinada ",27,4,2,0,6,933.0,780.0,,1713,1093.0,831.0,,1924,,,,,7943.0,4573.0,24213.0,17364.0,,,90.0,3.0,,,,,32246,21940,54186
Jawahar Lal Nehru University ,135,8,5,5,18,2293.0,1965.0,1386.0,5644,2293.0,1965.0,1386.0,5644,246.0,112.0,372.0,301.0,338.0,434.0,140.0,70.0,,,20.0,1.0,27.0,12.0,,,1143,930,2073
Jawarharlal Nehru Architecture and Fine Art University Hyderabad ,16,1,0,0,1,120.0,,,120,110.0,,,110,,,,,100.0,25.0,300.0,133.0,,,,,,,,,400,158,558
"Jaypee Institute of Information Technology, Noida ",20,3,2,0,5,793.0,486.0,,1279,793.0,486.0,,1279,1.0,2.0,,,113.0,146.0,315.0,185.0,,,,,,,5.0,24.0,434,357,791
"Jaypee University of Information Technology, Waknaghat, Solan ",23,19,4,0,23,1199.0,386.0,,1585,1199.0,386.0,,1585,3.0,2.0,,,38.0,26.0,329.0,87.0,,,,,,,,,370,115,485
"Jiwaji University, Gwalior ",50,2,2,0,4,266.0,260.0,,526,266.0,255.0,,521,13.0,6.0,33.0,20.0,2173.0,3223.0,21615.0,18207.0,180.0,123.0,861.0,615.0,34.0,84.0,64.0,22.0,24973,22300,47273
JK LAKSHMIPAT UNIVERSITY ,9,1,1,0,2,206.0,206.0,,412,67.0,6.0,,73,0.0,0.0,,,0.0,0.0,0.0,0.0,,,,,,,,,0,0,0
Junagadh Agricultural University ,17,14,6,0,20,1082.0,274.0,,1356,1030.0,335.0,,1365,48.0,10.0,,,268.0,46.0,229.0,42.0,,,178.0,56.0,,,,,723,154,877
"Kadi Sarva Vishwavidyalaya, Gandihnagar ",33,1,1,0,2,1000.0,350.0,,1350,1000.0,350.0,,1350,0.0,0.0,0.0,0.0,458.0,256.0,1403.0,1593.0,0.0,0.0,,,,,0.0,0.0,1861,1849,3710
"Kakatiya University, Warangal ",96,8,1,0,9,1582.0,1021.0,,2603,1582.0,1021.0,,2603,135.0,33.0,21.0,17.0,3533.0,5411.0,28214.0,34147.0,7.0,42.0,31.0,83.0,,,13.0,23.0,31954,39756,71710
"Kalasalingam Academy of Research and Higher Education, Srivilliputhrur ",43,4,3,0,7,3500.0,3200.0,,6700,1990.0,1820.0,,3810,7.0,2.0,,,172.0,199.0,1104.0,714.0,,,,,,,,,1283,915,2198
"Kalinga Institute of Industrial Technology, Bhubaneswar ",19,1,1,0,2,6500.0,3000.0,,9500,6210.0,2731.0,,8941,,,,,506.0,309.0,677.0,250.0,,,,,,,,,1183,559,1742
"Kalyani University, Kalyani ",35,6,3,0,9,560.0,245.0,,805,494.0,337.0,,831,,,5.0,10.0,2209.0,5036.0,20079.0,18166.0,99.0,50.0,99.0,9.0,4.0,0.0,,,22495,23271,45766
"Kameshwar Singh Darbhanga Sanskrit Vishwavidyalaya, Darbhanga ",20,3,1,0,4,184.0,25.0,,209,184.0,10.0,,194,77.0,7.0,,,1021.0,2008.0,2382.0,1981.0,,,,,,,,,3480,3996,7476
"Kannada University, Hampi, Kamalapura ",20,2,2,0,4,120.0,80.0,,200,120.0,80.0,,200,75.0,41.0,59.0,56.0,730.0,910.0,680.0,338.0,,,723.0,389.0,,,6.0,3.0,2273,1737,4010
"Kannur University, Kannur ",57,3,1,0,4,180.0,60.0,,240,180.0,60.0,,240,9.0,2.0,0.0,0.0,671.0,1183.0,2174.0,5354.0,0.0,0.0,,,4.0,39.0,,,2858,6578,9436
"Karnataka State Law University, Hubli ",6,1,1,0,2,35.0,25.0,,60,35.0,25.0,,60,0.0,0.0,,,39.0,36.0,1939.0,1020.0,7.0,7.0,,,,,511.0,232.0,2496,1295,3791
"Karnataka State Open University, Mysore ",55,1,1,0,2,200.0,150.0,,350,200.0,150.0,,350,,,,,5286.0,7338.0,4317.0,5166.0,583.0,728.0,169.0,163.0,67.0,72.0,,,10422,13467,23889
"Karnataka State Women University, Bijapur ",35,0,3,0,3,,350.0,,350,,350.0,,350,0.0,40.0,,,0.0,640.0,49.0,11795.0,,,0.0,75.0,0.0,85.0,,,49,12635,12684
"Karnataka University, Dharwad ",77,13,7,0,20,1614.0,853.0,,2467,1697.0,1147.0,,2844,293.0,177.0,17.0,13.0,1239.0,1018.0,11824.0,11254.0,148.0,74.0,,,57.0,33.0,17.0,53.0,13595,12622,26217
"Karpagam Academy of Higher Education, Coimbatore ",122,1,1,0,2,1832.0,570.0,,2402,1327.0,524.0,,1851,271.0,201.0,102.0,226.0,811.0,353.0,1868.0,906.0,,,,,,,,,3052,1686,4738
"Karunya Institute of Technology and Sciences, Coimbatore ",73,8,7,1,16,4510.0,3195.0,24.0,7729,4510.0,3195.0,24.0,7729,1.0,4.0,7.0,17.0,380.0,437.0,640.0,476.0,5.0,0.0,,,,,0.0,0.0,1033,934,1967
"Kerala Agricultural University, Thrissur ",62,6,7,1,14,595.0,762.0,34.0,1391,356.0,929.0,3.0,1288,0.0,6.0,,,80.0,150.0,108.0,332.0,0.0,0.0,,,,,,,188,488,676
"Kerala Kalamandalam, Thrissur ",19,2,2,1,5,170.0,240.0,25.0,435,170.0,240.0,25.0,435,,,,,5.0,0.0,10.0,24.0,,,,,,,,,15,24,39
"Kerala University, Thiruvananthapuram ",158,1,2,1,4,160.0,380.0,25.0,565,170.0,430.0,25.0,625,120.0,163.0,119.0,252.0,1303.0,3985.0,5882.0,15771.0,,,,,,,22.0,29.0,7446,20200,27646
KING GEORGE MEDICAL UNIVERSITY ,39,7,9,3,19,931.0,486.0,418.0,1835,1209.0,689.0,398.0,2296,0.0,0.0,,,0.0,0.0,2.0,0.0,,,0.0,171.0,,,,,2,171,173
"Kolhan University, West Singhbhum ",42,3,0,0,3,250.0,,,250,250.0,,,250,0.0,0.0,,,501.0,1027.0,1185.0,2118.0,,,,,,,,,1686,3145,4831
"Koneru Lakshmaiah Education Foundation,Guntur ",28,5,1,0,6,1441.0,900.0,,2341,1327.0,702.0,,2029,0.0,0.0,,,208.0,100.0,335.0,136.0,,,,,,,,,543,236,779
"Krantiguru Shyamji Krishna Verma Kachchh University, Kachchh ",41,1,1,0,2,98.0,98.0,,196,78.0,70.0,,148,0.0,0.0,0.0,0.0,376.0,230.0,3756.0,4372.0,36.0,8.0,13.0,60.0,40.0,5.0,38.0,25.0,4259,4700,8959
"Krishna Institute of Medical Sciences Deemed University, Karad ",40,5,3,0,8,647.0,483.0,,1130,502.0,301.0,,803,0.0,0.0,,,141.0,192.0,289.0,1014.0,11.0,7.0,,,18.0,114.0,,,459,1327,1786
"Kumaun University, Nainital ",2,5,6,0,11,328.0,358.0,,686,328.0,358.0,,686,20.0,25.0,,,2357.0,4343.0,35120.0,56594.0,19.0,41.0,81.0,81.0,,,,,37597,61084,98681
"Kurukshetra University, Kurukshetra ",161,10,12,0,22,2094.0,2708.0,,4802,2094.0,2708.0,,4802,119.0,127.0,112.0,113.0,3157.0,5063.0,12081.0,24238.0,100.0,216.0,459.0,924.0,349.0,370.0,120.0,40.0,16497,31091,47588
"Kushabhau Thakre Patrakarita Avam Jansanchar Vishwavidyalaya, Raipur ",13,1,1,0,2,64.0,16.0,,80,20.0,6.0,,26,0.0,0.0,,,41.0,29.0,150.0,72.0,76.0,15.0,,,,,,,267,116,383
"Kuvempu University, Shankaraghatta, Shimoga ",157,2,4,0,6,515.0,703.0,,1218,486.0,812.0,,1298,13.0,12.0,12.0,5.0,7807.0,6239.0,9943.0,11970.0,438.0,250.0,17.0,6.0,,,41.0,82.0,18271,18564,36835
"Lakshmibai National Institute of Physical Education, Gwalior ",13,7,4,1,12,660.0,302.0,126.0,1088,660.0,302.0,126.0,1088,14.0,8.0,0.0,0.0,39.0,19.0,90.0,35.0,34.0,6.0,41.0,0.0,,,,,218,68,286
Lala lajpat Rai University of Veterinary and Animal Sciences ,4,2,2,0,4,402.0,195.0,,597,342.0,170.0,,512,3.0,1.0,,,54.0,16.0,38.0,6.0,,,60.0,0.0,,,,,155,23,178
"Lalit Narayan Mithila University, Darbhanga ",47,3,1,0,4,274.0,68.0,,342,102.0,0.0,,102,,,,,2873.0,1462.0,32028.0,22900.0,,,26.0,14.0,9.0,5.0,,,34936,24381,59317
"LNM Institute of Information Technology, Jaipur ",20,2,1,0,3,707.0,290.0,,997,707.0,290.0,,997,0.0,0.0,,,0.0,0.0,86.0,12.0,,,,,,,0.0,0.0,86,12,98
"Lovely Professional University, Jullunder ",297,7,6,0,13,12838.0,4796.0,,17634,11065.0,4332.0,,15397,0.0,0.0,40.0,52.0,853.0,792.0,2247.0,1496.0,6.0,6.0,345.0,54.0,0.0,0.0,,,3491,2400,5891
"Madras University, Chennai ",73,3,3,0,6,391.0,490.0,,881,387.0,503.0,,890,41.0,67.0,117.0,312.0,5146.0,7094.0,12357.0,24793.0,0.0,14.0,0.0,60.0,4.0,33.0,17.0,20.0,17682,32393,50075
"Madurai Kamraj University, Madurai ",97,4,3,0,7,520.0,528.0,,1048,575.0,635.0,,1210,26.0,36.0,273.0,659.0,5639.0,7750.0,13414.0,17490.0,221.0,171.0,124.0,1105.0,1105.0,1720.0,,,20802,28931,49733
"Magadh University, Bodh Gaya ",44,6,2,0,8,1200.0,400.0,,1600,1200.0,400.0,,1600,247.0,115.0,,,798.0,419.0,14951.0,10906.0,,,,,,,,,15996,11440,27436
Maharaja Krishnakumarsinhji Bhavnagar University ,44,4,1,0,5,542.0,80.0,,622,542.0,80.0,,622,1.0,2.0,,,2011.0,429.0,8026.0,6441.0,20.0,52.0,180.0,0.0,,,,,10238,6924,17162
"Maharaja Sayajirao University of Baroda, Vadodara ",106,12,4,0,16,2362.0,1415.0,,3777,2362.0,1415.0,,3777,1.0,0.0,,,607.0,1298.0,853.0,1173.0,134.0,239.0,252.0,86.0,0.0,0.0,,,1847,2796,4643
"Maharashi Markandeshwar University, Solan ",10,1,1,0,2,50.0,50.0,,100,29.0,17.0,,46,,,,,22.0,34.0,22.0,5.0,,,,,,,,,44,39,83
"MAHARASHI MARKENDESHWAR UNIVERSITY, SADOPUR-AMBALA ",6,1,1,0,2,292.0,242.0,,534,143.0,41.0,,184,,,0.0,0.0,0.0,0.0,0.0,0.0,,,,,,,,,0,0,0
"Maharishi Dayanand Saraswati University, Ajmer ",39,1,2,1,4,40.0,130.0,4.0,174,30.0,66.0,0.0,96,16.0,27.0,2.0,3.0,1706.0,1876.0,26824.0,14752.0,26.0,37.0,0.0,100.0,65.0,26.0,166.0,322.0,28805,17143,45948
"Maharishi Mahesh Yogi Vedic Vishwavidyalaya, Jabalpur ",15,5,0,0,5,2400.0,,,2400,1160.0,,,1160,,,,,35.0,7.0,448.0,253.0,4608.0,2148.0,6422.0,2601.0,,,,,11513,5009,16522
"Maharishi Markandeshwar University, Mullana-Ambala ",58,5,6,1,12,2641.0,2112.0,200.0,4953,2554.0,1974.0,195.0,4723,17.0,8.0,2.0,7.0,193.0,204.0,1600.0,695.0,9.0,3.0,84.0,13.0,0.0,0.0,,,1905,930,2835
"Maharishi University of Management and Technology, Bilaspur ",3,1,0,0,1,100.0,,,100,0.0,,,0,,,,,,,,,141.0,81.0,173.0,121.0,78.0,48.0,,,392,250,642
"Maharshi Dayanand University, Rohtak ",130,5,8,0,13,1110.0,2010.0,,3120,1136.0,2053.0,,3189,0.0,0.0,25.0,30.0,2275.0,4669.0,21674.0,35056.0,15.0,79.0,329.0,946.0,96.0,427.0,191.0,174.0,24605,41381,65986
"Mahatama Gandhi Antarrashtriya Hindi Vishwavidyalaya, Wardha ",42,2,1,1,4,272.0,155.0,32.0,459,272.0,115.0,16.0,403,1.0,0.0,53.0,23.0,255.0,188.0,2.0,0.0,112.0,49.0,5.0,5.0,4.0,1.0,,,432,266,698
"Mahatama Gandhi Gramodaya Vishwavidyalaya, Chitrakoot, Satna ",63,1,1,0,2,60.0,108.0,,168,51.0,187.0,,238,9.0,5.0,25.0,2.0,2738.0,39.0,1466.0,84.0,127.0,0.0,285.0,0.0,,,,,4650,130,4780
"Mahatama Jyotiba Phule Rohikhand University, Bareilly ",46,3,2,0,5,645.0,339.0,,984,615.0,288.0,,903,34.0,29.0,17.0,8.0,3941.0,8705.0,47510.0,53699.0,78.0,46.0,50.0,2.0,22.0,20.0,293.0,85.0,51945,62594,114539
"Mahatma Gandhi Kashi Vidyapeeth, Varanasi ",24,3,1,0,4,248.0,54.0,,302,248.0,54.0,,302,0.0,0.0,,,2150.0,2291.0,7231.0,10222.0,62.0,34.0,,,,,,,9443,12547,21990
"Mahatma Gandhi University, Kottayam ",87,1,1,2,4,117.0,84.0,130.0,331,117.0,84.0,130.0,331,26.0,54.0,23.0,31.0,2034.0,4436.0,10155.0,17911.0,3.0,25.0,0.0,0.0,74.0,54.0,93.0,55.0,12408,22566,34974
"Mahatma Jyoti Rao Phoole University, Jaipur ",33,1,1,0,2,125.0,125.0,,250,120.0,125.0,,245,35.0,8.0,,,124.0,142.0,913.0,731.0,,,,,,,34.0,10.0,1106,891,1997
"Makhanlal Chaturvedi National University of Journalism and Communication, Bhopal ",28,0,1,0,1,,45.0,,45,,45.0,,45,,,,,874.0,1465.0,6709.0,3159.0,12218.0,10812.0,5597.0,2395.0,,,,,25398,17831,43229
"Malviya National Institute of Technology, Jaipur ",35,9,2,0,11,2452.0,628.0,,3080,2396.0,595.0,,2991,3.0,6.0,,,150.0,71.0,391.0,59.0,,,,,,,,,544,136,680
"Manav Bharti University, Sultanpur, Solan ",39,1,1,0,2,150.0,100.0,,250,30.0,25.0,,55,,,,,117.0,34.0,183.0,40.0,,,183.0,23.0,,,,,483,97,580
"Manav Rachna International University, Faridabad ",42,2,3,0,5,325.0,359.0,,684,279.0,236.0,,515,0.0,0.0,,,217.0,164.0,0.0,0.0,,,0.0,0.0,,,,,217,164,381
"Mangalayatan University, Aligarh ",41,1,1,0,2,500.0,155.0,,655,460.0,143.0,,603,0.0,0.0,4.0,10.0,145.0,42.0,1548.0,323.0,,,12.0,5.0,,,157.0,33.0,1866,413,2279
"Mangalore University, Mangalore ",71,1,1,1,3,278.0,358.0,316.0,952,321.0,358.0,291.0,970,37.0,17.0,,,1876.0,2346.0,6717.0,10747.0,109.0,124.0,61.0,56.0,47.0,71.0,5.0,50.0,8852,13411,22263
"Manipal Academy of Higher Education, Manipal ",21,1,1,0,2,7989.0,5996.0,,13985,7041.0,5169.0,,12210,4.0,3.0,3.0,10.0,940.0,639.0,1671.0,1020.0,1.0,8.0,9.0,9.0,64.0,57.0,,,2692,1746,4438
"Manipur University, Imphal ",52,3,2,0,5,345.0,287.0,,632,280.0,273.0,,553,50.0,37.0,0.0,5.0,401.0,583.0,9594.0,9728.0,1.0,5.0,79.0,31.0,49.0,88.0,0.0,0.0,10174,10477,20651
"Manonmaniam Sundaranar University, Tirunelveli ",130,1,1,0,2,216.0,252.0,,468,57.0,252.0,,309,31.0,28.0,114.0,668.0,1815.0,3757.0,5355.0,11333.0,31.0,7.0,0.0,0.0,6.0,74.0,19.0,23.0,7371,15890,23261
"Martin Luther Christian University, Shillong ",24,2,1,0,3,19.0,22.0,,41,14.0,18.0,,32,1.0,2.0,,,55.0,88.0,88.0,99.0,10.0,13.0,,,,,,,154,202,356
"MATS University, Raipur ",38,2,1,0,3,300.0,300.0,,600,149.0,42.0,,191,1.0,0.0,,,45.0,37.0,109.0,140.0,11.0,8.0,,,,,,,166,185,351
"Maulana Azad National Institute of Technology, Bhopal ",50,8,3,0,11,1465.0,375.0,,1840,1421.0,344.0,,1765,94.0,0.0,,,223.0,68.0,532.0,116.0,,,,,,,,,849,184,1033
"Maulana Azad National Urdu University, Hyderabad ",54,2,1,0,3,550.0,250.0,,800,550.0,250.0,,800,2.0,1.0,14.0,25.0,2354.0,1894.0,3830.0,3320.0,,,456.0,122.0,35.0,18.0,,,6691,5380,12071
"Meenakshri Academy of Higher Education and Research, Chennai ",26,1,5,7,13,82.0,612.0,988.0,1682,80.0,505.0,690.0,1275,2.0,8.0,,,29.0,41.0,517.0,457.0,,,,,,,,,548,506,1054
"M.G.R. Educational and Research Institute, Chennai ",25,4,2,0,6,1296.0,450.0,,1746,1272.0,450.0,,1722,,,,,285.0,83.0,2771.0,276.0,,,,,,,,,3056,359,3415
"Mizoram University, Aizwal ",63,3,1,0,4,135.0,106.0,,241,135.0,106.0,,241,24.0,11.0,9.0,10.0,239.0,151.0,1185.0,1191.0,,,,,,,,,1457,1363,2820
"Mohan Lal Sukhadia University, Uaipur ",84,3,3,1,7,124.0,274.0,40.0,438,124.0,274.0,40.0,438,0.0,0.0,2.0,4.0,1336.0,1418.0,21768.0,17849.0,38.0,46.0,6.0,26.0,0.0,50.0,,,23150,19393,42543
MONAD UNIVERSITY ,36,2,1,0,3,150.0,25.0,,175,140.0,12.0,,152,0.0,0.0,,,143.0,25.0,375.0,34.0,45.0,8.0,119.0,0.0,0.0,0.0,,,682,67,749
"Motilal Nehru Institute of Technology, Allahabad ",47,7,2,0,9,2084.0,302.0,,2386,3031.0,597.0,,3628,15.0,0.0,,,267.0,72.0,458.0,52.0,,,,,,,,,740,124,864
Mumbai University Mumbai ,153,3,3,0,6,372.0,141.0,,513,382.0,146.0,,528,109.0,54.0,30.0,33.0,4789.0,5082.0,65483.0,57715.0,421.0,433.0,203.0,382.0,270.0,349.0,0.0,0.0,71305,64048,135353
"Mysore University, Mysore ",103,4,2,1,7,777.0,605.0,80.0,1462,1021.0,756.0,90.0,1867,207.0,70.0,66.0,41.0,1000.0,1570.0,16000.0,20862.0,19.0,7.0,11.0,12.0,169.0,73.0,26.0,7.0,17498,22642,40140
"Nagaland University, Kohima ",59,12,7,0,19,494.0,393.0,,887,459.0,393.0,,852,0.0,0.0,0.0,0.0,405.0,0.0,2279.0,2592.0,,,,,,,,,2684,2592,5276
"Narsee Monjee Institute of Management Studies, Mumbai ",60,7,7,0,14,1780.0,432.0,,2212,1634.0,424.0,,2058,12.0,10.0,,,1054.0,420.0,468.0,194.0,196.0,183.0,44.0,26.0,,,7.0,8.0,1781,841,2622
"National Brain Research Centre, Gurgaon ",2,0,0,2,2,,,172.0,172,,,122.0,122,4.0,5.0,,,,,,,,,,,,,0.0,0.0,4,5,9
"National Dairy Research Institute, Karnal ",26,3,3,2,8,438.0,192.0,35.0,665,500.0,232.0,35.0,767,19.0,10.0,,,81.0,35.0,29.0,2.0,,,,,,,,,129,47,176
"National Institute of Pharmaceutical, Educational and Research, Mohali ",25,3,1,1,5,478.0,160.0,18.0,656,478.0,160.0,18.0,656,41.0,6.0,,,457.0,141.0,,,,,,,,,,,498,147,645
"National Institute of Technology, Agartala ",7,4,1,0,5,1344.0,500.0,,1844,1344.0,500.0,,1844,2.0,2.0,,,72.0,35.0,290.0,63.0,,,,,,,,,364,100,464
National Institute of Technology Arunachal Pradesh ,3,4,2,0,6,285.0,80.0,,365,194.0,54.0,,248,,,,,,,187.0,46.0,,,,,,,,,187,46,233
"National Institute of Technology, Calicut ",33,11,2,0,13,1636.0,379.0,,2015,3064.0,940.0,,4004,20.0,7.0,,,317.0,76.0,458.0,87.0,,,,,,,,,795,170,965
"National Institute of Technology, Durgapur ",30,7,3,0,10,1740.0,515.0,,2255,2186.0,750.0,,2936,,,,,239.0,91.0,1894.0,342.0,,,,,,,,,2133,433,2566
National Institute of Technology Goa ,3,2,1,0,3,110.0,20.0,,130,90.0,15.0,,105,,,,,,,0.0,0.0,,,,,,,,,0,0,0
"National Institute of Technology, Hamirpur ",27,7,2,0,9,1860.0,584.0,,2444,2013.0,531.0,,2544,0.0,0.0,,,131.0,17.0,246.0,51.0,,,,,,,,,377,68,445
"National Institute of Technology, Jamshedpur ",16,9,2,0,11,1800.0,180.0,,1980,1800.0,180.0,,1980,,,,,47.0,21.0,416.0,40.0,,,,,,,,,463,61,524
"National Institute of Technology, Karnataka ",51,11,3,0,14,2628.0,238.0,,2866,3316.0,475.0,,3791,32.0,5.0,,,421.0,157.0,432.0,73.0,,,,,,,,,885,235,1120
"National Institute of Technology, Kurukshetra ",22,9,3,0,12,2410.0,668.0,,3078,2911.0,682.0,,3593,11.0,2.0,,,243.0,81.0,363.0,30.0,,,,,,,,,617,113,730
National Institute of Technology Manipur ,3,2,1,0,3,187.0,52.0,,239,184.0,27.0,,211,,,,,,,0.0,0.0,,,,,,,,,0,0,0
National Institute of Technology Meghalaya ,3,1,1,0,2,160.0,20.0,,180,110.0,6.0,,116,,,,,,,0.0,0.0,,,,,,,,,0,0,0
National Institute of Technology Mizoram ,3,1,1,0,2,84.0,30.0,,114,76.0,9.0,,85,,,,,,,0.0,0.0,,,,,,,,,0,0,0
"National Institute of Technology, Patna ",21,3,1,0,4,492.0,134.0,,626,483.0,134.0,,617,0.0,0.0,,,32.0,3.0,276.0,68.0,,,,,,,,,308,71,379
National Institute of Technology Puducherry ,3,3,1,0,4,160.0,38.0,,198,160.0,38.0,,198,,,,,,,0.0,0.0,,,,,,,,,0,0,0
"National Institute of Technology, Raipur ",2,5,3,0,8,548.0,399.0,,947,635.0,427.0,,1062,,,,,16.0,14.0,475.0,130.0,,,,,,,,,491,144,635
"National Institute of Technology, Rourkela ",25,8,1,0,9,3199.0,694.0,,3893,3466.0,820.0,,4286,9.0,4.0,,,159.0,37.0,324.0,33.0,,,,,,,,,492,74,566
National Institute of Technology Sikkim ,3,10,3,0,13,250.0,75.0,,325,230.0,45.0,,275,,,,,,,0.0,0.0,,,,,,,,,0,0,0
"National Institute of Technology, Silchar ",21,8,2,0,10,1987.0,401.0,,2388,1918.0,365.0,,2283,3.0,3.0,,,47.0,9.0,248.0,39.0,,,,,,,,,298,51,349
"National Institute of Technology, Srinagar ",24,5,1,0,6,1321.0,150.0,,1471,1604.0,192.0,,1796,1.0,0.0,0.0,0.0,29.0,5.0,313.0,37.0,,,,,,,,,343,42,385
"National Institute of Technology, Tiruchirapalli ",33,19,4,0,23,4022.0,835.0,,4857,4022.0,835.0,,4857,,,,,495.0,124.0,457.0,85.0,,,,,,,,,952,209,1161
National Institute of Technology Uttarakhand ,3,2,1,0,3,128.0,30.0,,158,95.0,11.0,,106,,,,,,,0.0,0.0,,,,,,,,,0,0,0
"National Institute of Technology, Warangal ",38,17,3,0,20,4869.0,721.0,,5590,3456.0,724.0,,4180,,,,,365.0,97.0,610.0,155.0,,,,,,,,,975,252,1227
"National Law Institute University, Bhopal ",5,2,2,0,4,228.0,228.0,,456,222.0,222.0,,444,0.0,0.0,,,5.0,5.0,37.0,29.0,12.0,6.0,,,,,,,54,40,94
"National Law School of India University, Bangalore ",11,5,6,0,11,334.0,312.0,,646,334.0,312.0,,646,6.0,1.0,1.0,2.0,40.0,77.0,39.0,41.0,27.0,117.0,,,,,,,113,238,351
"National Law University, Cuttuck ",3,1,1,0,2,160.0,80.0,,240,78.0,42.0,,120,,,,,1.0,1.0,,,,,,,,,0.0,0.0,1,1,2
"National Law University, Delhi ",5,1,1,0,2,210.0,210.0,,420,160.0,160.0,,320,,,,,0.0,0.0,,,0.0,0.0,,,,,0.0,0.0,0,0,0
"National Law University, Jodhpur ",8,6,5,0,11,395.0,306.0,,701,321.0,275.0,,596,0.0,2.0,,,260.0,161.0,54.0,34.0,,,,,,,,,314,197,511
"National University of Advanced Legal Studies, Kochi ",6,1,1,0,2,108.0,108.0,,216,108.0,108.0,,216,0.0,0.0,,,3.0,3.0,26.0,32.0,6.0,3.0,,,,,,,35,38,73
"Nava Nalanda Mahavihara, Nalanda ",21,2,0,0,2,110.0,,,110,110.0,,,110,0.0,0.0,,,49.0,20.0,22.0,5.0,,,0.0,0.0,4.0,0.0,,,75,25,100
Navrachana University ,7,1,1,0,2,30.0,40.0,,70,13.0,22.0,,35,,,,,0.0,2.0,183.0,205.0,,,,,,,,,183,207,390
"Nehru Gram Bharati, Allahabad ",72,1,1,0,2,56.0,45.0,,101,34.0,36.0,,70,0.0,0.0,,,207.0,203.0,538.0,346.0,6.0,1.0,24.0,25.0,,,,,775,575,1350
"NIMS University, Jaipur ",383,8,7,0,15,2660.0,2260.0,,4920,2660.0,2260.0,,4920,2.0,0.0,0.0,0.0,4631.0,691.0,2992.0,438.0,856.0,144.0,1423.0,193.0,,,0.0,0.0,9904,1466,11370
"NITTE Unversity, Mangalore ",17,4,7,2,13,542.0,1613.0,576.0,2731,343.0,1295.0,293.0,1931,0.0,0.0,,,158.0,123.0,258.0,924.0,,,,,,,,,416,1047,1463
"Noorul Islam Centre for Higher Education, Kanyakumari ",37,2,1,0,3,960.0,543.0,,1503,894.0,541.0,,1435,0.0,0.0,,,87.0,163.0,240.0,177.0,,,,,,,,,327,340,667
"North Bengal University, Darjeeling ",67,6,6,0,12,758.0,512.0,,1270,525.0,478.0,,1003,23.0,7.0,4.0,2.0,2050.0,2813.0,18604.0,19094.0,14.0,0.0,0.0,47.0,28.0,115.0,232.0,132.0,20955,22210,43165
"North Eastern Hill University, Shillong ",72,12,9,0,21,1035.0,807.0,,1842,1035.0,807.0,,1842,27.0,29.0,2.0,4.0,329.0,567.0,3898.0,3259.0,24.0,18.0,,,,,,,4280,3877,8157
"North Maharashtra University, Jalgaon ",39,3,3,0,6,561.0,321.0,,882,561.0,321.0,,882,0.0,0.0,,,2147.0,1866.0,11574.0,9887.0,19.0,31.0,132.0,59.0,49.0,110.0,17.0,53.0,13938,12006,25944
"North Orissa University, Mayurbhanj ",55,1,2,0,3,104.0,144.0,,248,50.0,144.0,,194,5.0,1.0,50.0,56.0,654.0,368.0,1696.0,2861.0,30.0,8.0,,,,,,,2435,3294,5729
"O. P. Jindal Global University, Sonipat ",5,6,1,0,7,354.0,206.0,,560,350.0,200.0,,550,,,,,41.0,10.0,9.0,7.0,,,,,,,,,50,17,67
"Osmania University, Hyderabad ",210,17,5,0,22,2963.0,1619.0,,4582,4284.0,2500.0,,6784,263.0,154.0,17.0,23.0,18053.0,13578.0,37282.0,40611.0,164.0,183.0,0.0,0.0,75.0,163.0,344.0,195.0,56198,54907,111105
"Padmashree Dr. D. Y. Patil Vidyapeeth, , Mumbai ",73,1,1,0,2,250.0,780.0,,1030,225.0,635.0,,860,9.0,8.0,8.0,4.0,351.0,227.0,362.0,619.0,3.0,6.0,,,,,56.0,0.0,789,864,1653
"Palamuru University, Mahabubnagar ",11,1,1,0,2,500.0,280.0,,780,500.0,280.0,,780,,,,,894.0,416.0,1979.0,1870.0,,,26.0,12.0,,,85.0,37.0,2984,2335,5319
"Pandit Deendayal Petroleum University, Gandhi Nagar ",19,1,1,0,2,854.0,300.0,,1154,854.0,300.0,,1154,0.0,0.0,,,12.0,0.0,199.0,20.0,0.0,0.0,,,,,,,211,20,231
"Panjab University,Chandigarh ",223,8,9,0,17,2552.0,2673.0,,5225,2999.0,3032.0,,6031,0.0,0.0,29.0,79.0,2047.0,5797.0,12710.0,24958.0,151.0,532.0,322.0,96.0,54.0,55.0,,,15313,31517,46830
"Patna University, Patna ",30,6,3,0,9,450.0,328.0,,778,207.0,244.0,,451,,,,,902.0,588.0,5440.0,2626.0,9.0,42.0,,,,,,,6351,3256,9607
"PEC University of Technology, Chandigarh ",28,4,2,0,6,893.0,217.0,,1110,879.0,213.0,,1092,1.0,1.0,,,140.0,30.0,309.0,61.0,,,,,,,,,450,92,542
PEOPLES UNIVERSITY ,50,1,1,1,3,600.0,900.0,100.0,1600,560.0,892.0,100.0,1552,,,,,0.0,0.0,0.0,0.0,,,0.0,0.0,,,,,0,0,0
"Periyar University, Salem ",153,1,1,0,2,147.0,141.0,,288,166.0,198.0,,364,7.0,13.0,182.0,419.0,2687.0,3379.0,9816.0,16203.0,19.0,19.0,18.0,25.0,1.0,5.0,,,12730,20063,32793
"Pondicherry Univeristy, Puducherry ",140,8,5,0,13,858.0,554.0,,1412,850.0,550.0,,1400,53.0,32.0,77.0,61.0,3525.0,1675.0,1883.0,2814.0,0.0,0.0,118.0,35.0,0.0,0.0,17.0,36.0,5673,4653,10326
"Pravara Institute of Medical Sciences, Ahmednagar ",45,3,5,1,9,645.0,1115.0,108.0,1868,508.0,850.0,91.0,1449,0.0,0.0,,,74.0,36.0,199.0,480.0,26.0,9.0,14.0,97.0,0.0,0.0,,,313,622,935
Presidency University ,34,1,1,0,2,236.0,99.0,,335,236.0,99.0,,335,,,,,136.0,187.0,169.0,256.0,,,,,,,,,305,443,748
"Pt. Bhagat Dyal University of Health Science, Rohtak ",13,2,1,2,5,792.0,701.0,639.0,2132,763.0,690.0,600.0,2053,,,0.0,0.0,251.0,252.0,784.0,1213.0,,,90.0,15.0,,,,,1125,1480,2605
"Pt. Ravishankar Shukla University, Raipur ",88,2,1,0,3,92.0,89.0,,181,120.0,216.0,,336,3.0,18.0,72.0,136.0,2314.0,3622.0,13657.0,21329.0,819.0,803.0,227.0,162.0,24.0,31.0,,,17116,26101,43217
"Pune University, Pune ",152,9,9,0,18,1163.0,1170.0,,2333,1163.0,1170.0,,2333,257.0,132.0,124.0,97.0,15891.0,11196.0,61197.0,50619.0,385.0,222.0,299.0,289.0,88.0,58.0,323.0,215.0,78564,62828,141392
"Punjab Agricultural University, Ludhiana ",72,4,4,0,8,777.0,778.0,,1555,831.0,963.0,,1794,26.0,48.0,,,237.0,237.0,91.0,38.0,0.0,0.0,,,,,0.0,0.0,354,323,677
"Punjabi University, Patiala ",174,7,9,0,16,2134.0,2639.0,,4773,2538.0,3392.0,,5930,29.0,20.0,75.0,130.0,3019.0,5646.0,11267.0,14949.0,289.0,573.0,256.0,337.0,75.0,120.0,11.0,7.0,15021,21782,36803
"Rabindra Bharati University, Kolkata ",96,2,3,0,5,140.0,139.0,,279,83.0,100.0,,183,12.0,4.0,34.0,35.0,4855.0,9382.0,160.0,80.0,0.0,0.0,0.0,0.0,,,,,5061,9501,14562
RAFFLLES UNIVERSITY ,8,1,1,0,2,144.0,144.0,,288,25.0,3.0,,28,,,,,8.0,1.0,71.0,10.0,,,,,,,10.0,0.0,89,11,100
"Rajasthan Ayurveda University, Jodhpur ",7,1,1,0,2,100.0,100.0,,200,45.0,50.0,,95,30.0,10.0,,,116.0,48.0,851.0,427.0,,,1159.0,562.0,,,,,2156,1047,3203
"Rajasthan University, Jaipur ",157,10,8,0,18,917.0,1221.0,,2138,917.0,1221.0,,2138,495.0,157.0,398.0,153.0,4046.0,5133.0,51885.0,49939.0,692.0,352.0,173.0,166.0,471.0,418.0,227.0,262.0,58387,56580,114967
"Rajendra Agricultural University, Samastipur ",28,5,3,0,8,990.0,355.0,,1345,585.0,238.0,,823,3.0,4.0,,,54.0,36.0,63.0,19.0,,,,,,,,,120,59,179
"Rajiv Gandhi Institute of Petroleum Technology, Rae Bareli ",4,1,1,1,3,269.0,44.0,68.0,381,269.0,15.0,52.0,336,,,,,29.0,9.0,0.0,0.0,,,,,,,,,29,9,38
"Rajiv Gandhi National Instiute of Youth Development, Sriperumbudur ",5,1,1,0,2,85.0,60.0,,145,85.0,50.0,,135,,,,,38.0,22.0,,,,,,,,,,,38,22,60
"Rajiv Gandhi Prodoyogiki Vishwavidyalaya, Bhopal ",8,1,1,0,2,96.0,96.0,,192,120.0,100.0,,220,,,,,1016.0,449.0,4352.0,1202.0,,,132.0,41.0,,,,,5500,1692,7192
"Rajiv Gandhi University, Itanagar ",43,3,2,1,6,370.0,152.0,60.0,582,262.0,170.0,60.0,492,19.0,9.0,19.0,14.0,159.0,166.0,1040.0,1228.0,24.0,16.0,,,,,,,1261,1433,2694
"Ramakrishna Mission Vivekananda Educational and Research Institute, Howrah ",36,4,1,0,5,442.0,60.0,,502,442.0,60.0,,502,1.0,1.0,9.0,1.0,63.0,34.0,263.0,147.0,,,101.0,58.0,103.0,42.0,4.0,0.0,544,283,827
"Ranchi University, Ranchi ",61,2,1,0,3,210.0,100.0,,310,210.0,100.0,,310,169.0,226.0,,,1407.0,3016.0,1460.0,10105.0,71.0,139.0,9.0,52.0,1.0,27.0,,,3117,13565,16682
"Rani Channamma University, Belagavi ",17,2,0,0,2,136.0,,,136,136.0,,,136,,,,,669.0,392.0,18502.0,13579.0,24.0,28.0,,,51.0,0.0,,,19246,13999,33245
"Rani Durgavati Vishwavidyalaya, Jabalpur ",41,1,1,1,3,104.0,80.0,18.0,202,104.0,80.0,18.0,202,34.0,14.0,198.0,118.0,2232.0,3155.0,19013.0,25910.0,62.0,50.0,173.0,94.0,,,7.0,5.0,21719,29346,51065
"Rashtrasant Tukadoji Maharaj Nagpur University, Nagpur ",126,4,3,1,8,760.0,247.0,20.0,1027,760.0,247.0,20.0,1027,4.0,1.0,4.0,6.0,2448.0,3140.0,10740.0,13111.0,64.0,73.0,5.0,2.0,21.0,62.0,8.0,43.0,13294,16438,29732
"Rastriya Sanskrit Vidyapeeth, Tirupathi ",87,4,2,0,6,398.0,171.0,,569,654.0,345.0,,999,35.0,13.0,27.0,13.0,164.0,82.0,319.0,127.0,11.0,12.0,3.0,1.0,,,,,559,248,807
"Ravenshaw University, Cuttak ",65,5,5,0,10,946.0,1240.0,,2186,946.0,1240.0,,2186,13.0,2.0,36.0,50.0,317.0,566.0,678.0,948.0,,,,,,,,,1044,1566,2610
"Rayalaseema, University Kurnool ",15,3,2,0,5,330.0,240.0,,570,425.0,286.0,,711,,,,,762.0,350.0,1031.0,512.0,,,,,,,7.0,2.0,1800,864,2664
RKDF UNIVERSITY ,16,2,1,0,3,600.0,50.0,,650,110.0,15.0,,125,,,,,0.0,0.0,0.0,0.0,,,0.0,0.0,,,,,0,0,0
"Sambalpur University, Sambalpur ",44,4,5,0,9,750.0,585.0,,1335,955.0,820.0,,1775,16.0,5.0,70.0,88.0,412.0,440.0,2761.0,3051.0,128.0,11.0,0.0,0.0,,,,,3387,3595,6982
"Sampurnanand Sanskrit Vishwavidyalaya, Varanasi ",59,4,1,0,5,485.0,0.0,,485,413.0,0.0,,413,0.0,0.0,,,4952.0,4647.0,19914.0,31514.0,,,,,3.0,0.0,22.0,18.0,24891,36179,61070
"Sant Gadge Baba Amravati University, Amravati ",24,2,3,0,5,123.0,209.0,,332,123.0,209.0,,332,4.0,1.0,1.0,8.0,1204.0,1592.0,8615.0,9138.0,21.0,20.0,80.0,240.0,121.0,174.0,47.0,45.0,10093,11218,21311
"Santosh University, Ghaziabad ",40,3,3,0,6,294.0,620.0,,914,104.0,497.0,,601,,,,,25.0,31.0,18.0,50.0,9.0,3.0,23.0,0.0,,,,,75,84,159
"Sardarkrushinagar Dantiwada Agricultural University, Banaskantha ",12,10,3,0,13,772.0,260.0,,1032,772.0,260.0,,1032,26.0,12.0,,,72.0,38.0,222.0,110.0,,,,,,,,,320,160,480
"Sardar Patel University, Vallabh Vidyanagar ",82,5,2,0,7,524.0,378.0,,902,337.0,335.0,,672,13.0,11.0,11.0,12.0,3733.0,2838.0,8453.0,5169.0,186.0,150.0,233.0,209.0,300.0,298.0,270.0,391.0,13199,9078,22277
"Sardar Vallabhbhai National Institute of Technology, Surat ",25,6,2,1,9,2381.0,390.0,198.0,2969,2343.0,320.0,75.0,2738,0.0,0.0,,,274.0,0.0,340.0,85.0,,,,,,,0.0,0.0,614,85,699
"Satavahana University, Karimnagar ",12,2,2,0,4,300.0,120.0,,420,350.0,152.0,,502,,,,,724.0,573.0,2939.0,3640.0,,,,,,,,,3663,4213,7876
"Saurashtra University, Rajkot ",31,3,1,0,4,234.0,75.0,,309,156.0,43.0,,199,3.0,1.0,,,1909.0,2591.0,40661.0,51155.0,697.0,905.0,88.0,279.0,1951.0,682.0,0.0,100.0,45309,55713,101022
"Sharda University, Gautam Budh Nagar ",19,4,2,0,6,1146.0,556.0,,1702,1049.0,533.0,,1582,0.0,0.0,,,10.0,0.0,0.0,0.0,,,0.0,0.0,,,,,10,0,10
"Shivaji University, Kolhapur ",138,5,4,0,9,1028.0,1135.0,,2163,1003.0,1135.0,,2138,134.0,37.0,67.0,68.0,5430.0,7638.0,25896.0,29165.0,10.0,105.0,274.0,304.0,26.0,37.0,,,31837,37354,69191
SHIV NADAR UNIVERSITY ,7,1,1,0,2,370.0,370.0,,740,190.0,84.0,,274,,,,,0.0,0.0,0.0,0.0,,,,,,,,,0,0,0
"Shoolini University of Bio Technology and Management Sciences, Oachghat, Solan ",37,6,1,0,7,435.0,260.0,,695,425.0,257.0,,682,0.0,0.0,0.0,0.0,26.0,11.0,0.0,0.0,,,,,,,,,26,11,37
"Shree Sankaracharya Univeristy of Sanskrit, Kalady ",46,1,2,2,5,48.0,209.0,35.0,292,57.0,339.0,47.0,443,19.0,25.0,,,106.0,410.0,31.0,149.0,,,0.0,9.0,,,34.0,54.0,190,647,837
"Shree Somnath Sanskrit University, Junagarh ",27,1,1,0,2,75.0,50.0,,125,62.0,32.0,,94,7.0,4.0,0.0,1.0,214.0,21.0,477.0,11.0,21.0,8.0,248.0,125.0,1.0,1.0,,,968,171,1139
"Shri Jagannath Sanskrit Vishwavidyalaya, Puri ",23,2,1,0,3,136.0,96.0,,232,350.0,105.0,,455,1.0,0.0,17.0,26.0,53.0,111.0,360.0,434.0,,,,,0.0,0.0,0.0,0.0,431,571,1002
"Shri Lal Bhadur Shashtri Rashtriya Sanskrit Vidyapith, New Delhi ",69,1,0,0,1,90.0,,,90,88.0,,,88,7.0,1.0,0.0,0.0,99.0,26.0,264.0,80.0,7.0,0.0,13.0,2.0,13.0,0.0,,,403,109,512
"Shri Mata Vaishno Devi University, Jammu ",27,4,2,0,6,924.0,400.0,,1324,924.0,400.0,,1324,1.0,2.0,,,97.0,74.0,160.0,28.0,,,,,,,,,258,104,362
"Sikkim University, Gangtok ",24,1,1,0,2,74.0,100.0,,174,56.0,86.0,,142,,,0.0,0.0,109.0,48.0,1200.0,1444.0,,,77.0,10.0,,,14.0,23.0,1400,1525,2925
"Sir Padampat Singhania University, Udaipur ",16,6,3,0,9,1278.0,320.0,,1598,1134.0,286.0,,1420,0.0,0.0,,,24.0,12.0,70.0,16.0,,,,,,,0.0,0.0,94,28,122
"Solapur University, Solapur ",14,1,1,0,2,300.0,200.0,,500,188.0,102.0,,290,2.0,0.0,6.0,7.0,1768.0,1269.0,8880.0,6422.0,15.0,21.0,24.0,25.0,79.0,104.0,,,10774,7848,18622
"South Asian University, JNU Campus, New Delhi ",6,1,1,0,2,216.0,78.0,,294,188.0,71.0,,259,,,,,0.0,0.0,,,,,,,,,,,0,0,0
"Sree Chitra Tirunal Institute for Medical Sciences and Technology, Thiruvananthapuram ",29,2,1,0,3,92.0,60.0,,152,92.0,60.0,,152,34.0,0.0,17.0,0.0,8.0,6.0,,,,,48.0,0.0,18.0,0.0,,,125,6,131
"Sri Chandrasekharendra Saraswathi Vishwa Mahavidyalaya, Kancheepuram ",45,5,4,0,9,1945.0,775.0,,2720,1313.0,588.0,,1901,17.0,5.0,35.0,42.0,127.0,53.0,473.0,232.0,,,,,,,,,652,332,984
"Sri Devraj Urs Acaedmy of Highehr Education and Research, Kolar ",8,3,5,0,8,592.0,583.0,,1175,461.0,502.0,,963,0.0,0.0,,,22.0,10.0,59.0,66.0,7.0,6.0,,,2.0,0.0,,,90,82,172
"Sri Guru Granth Sahib World University, Fatehgarh Sahib ",11,1,2,0,3,120.0,168.0,,288,68.0,131.0,,199,,,,,0.0,0.0,,,,,,,,,0.0,0.0,0,0,0
"Sri Krishnadevaraya University, Anantapur ",115,6,2,0,8,1000.0,550.0,,1550,1569.0,931.0,,2500,4.0,0.0,0.0,0.0,3794.0,2905.0,2155.0,1612.0,37.0,33.0,,,,,,,5990,4550,10540
"Sri Padmavathi Mahila Visva Vidyalayam, Tirupathi ",72,0,8,0,8,,2123.0,,2123,,1993.0,,1993,0.0,40.0,0.0,5.0,0.0,626.0,0.0,851.0,0.0,0.0,,,,,,,0,1522,1522
"Sri Ramachandra Medical College and Research Institute, Chennai ",82,1,1,2,4,856.0,1583.0,1100.0,3539,680.0,1333.0,1069.0,3082,4.0,4.0,2.0,4.0,90.0,165.0,99.0,283.0,,,,,,,,,195,456,651
"Sri Satya Sai Institute of Higher Learning, Anantpur ",39,3,1,0,4,1300.0,500.0,,1800,806.0,447.0,,1253,0.0,0.0,8.0,0.0,92.0,16.0,135.0,111.0,,,,,,,0.0,0.0,235,127,362
SRI SRI UNIVERSITY ,2,1,1,0,2,168.0,64.0,,232,76.0,55.0,,131,,,,,0.0,0.0,,,,,,,,,,,0,0,0
"Sri Venkateswara Institute of Medical Sciences, Tirupathi ",46,1,3,1,5,164.0,384.0,29.0,577,147.0,459.0,29.0,635,11.0,0.0,,,37.0,60.0,26.0,73.0,5.0,6.0,0.0,0.0,0.0,5.0,,,79,144,223
"Sri Venkateswara University, Tirupathy ",85,5,1,0,6,2973.0,1700.0,,4673,2973.0,1700.0,,4673,0.0,3.0,0.0,0.0,9751.0,4713.0,8687.0,6171.0,314.0,239.0,,,,,409.0,78.0,19161,11204,30365
"Sri Venkateswara Vedic University, Tirpupathi ",21,4,0,0,4,800.0,,,800,255.0,,,255,4.0,0.0,0.0,0.0,38.0,0.0,128.0,0.0,,,0.0,0.0,,,,,170,0,170
"Sumandeep Vidyappeth, Vadodara ",85,3,3,0,6,740.0,600.0,,1340,540.0,431.0,,971,0.0,0.0,,,0.0,0.0,0.0,0.0,0.0,0.0,0.0,0.0,0.0,0.0,,,0,0,0
"Suresh Gyan Vihar Univeristy, Jaipur ",33,4,2,0,6,411.0,234.0,,645,296.0,234.0,,530,0.0,0.0,,,737.0,89.0,70.0,0.0,68.0,25.0,,,,,,,875,114,989
"Swami Ramanand Teerth Marathwada University, Nanded ",80,1,1,0,2,180.0,180.0,,360,207.0,220.0,,427,83.0,29.0,15.0,5.0,2799.0,2118.0,10273.0,6698.0,142.0,36.0,99.0,86.0,40.0,30.0,118.0,60.0,13569,9062,22631
"Swami Vivekananda Subharti University, Meerut ",70,6,6,0,12,1088.0,1019.0,,2107,927.0,870.0,,1797,0.0,0.0,0.0,1.0,457.0,361.0,560.0,402.0,1495.0,597.0,10.0,2.0,,,0.0,0.0,2522,1363,3885
"Swami Vivekananda Yoga Anusandhana Samsthan, Bangalore ",21,2,1,0,3,230.0,144.0,,374,205.0,123.0,,328,0.0,0.0,0.0,0.0,11.0,11.0,21.0,9.0,0.0,0.0,,,0.0,0.0,,,32,20,52
"Tamilnadu Agricultural University, Coimbatore ",14,3,7,1,11,750.0,1135.0,40.0,1925,748.0,1149.0,37.0,1934,102.0,69.0,,,289.0,341.0,860.0,672.0,,,93.0,27.0,,,,,1344,1109,2453
"Tamil Nadu Dr. Ambedkar Law University, Chennai ",18,0,1,0,1,,90.0,,90,,90.0,,90,,,,,0.0,0.0,862.0,422.0,0.0,0.0,,,22.0,0.0,,,884,422,1306
"Tamilnadu Physical Education and Sports University, Chennai ",48,1,1,0,2,135.0,48.0,,183,135.0,48.0,,183,3.0,1.0,81.0,41.0,260.0,125.0,444.0,235.0,446.0,230.0,220.0,26.0,72.0,29.0,,,1526,687,2213
"Tamil Univesity, Thanjavur ",73,2,2,0,4,112.0,152.0,,264,112.0,152.0,,264,52.0,48.0,31.0,46.0,532.0,601.0,581.0,1007.0,6.0,8.0,9.0,31.0,175.0,417.0,,,1386,2158,3544
"Tata Institute of Fundamental Research, Mumbai ",7,0,0,3,3,,,274.0,274,,,274.0,274,17.0,5.0,,,1.0,6.0,,,,,,,,,1.0,0.0,19,11,30
"Tata Institute of Social Sciences, Mumbai ",18,5,4,1,10,609.0,364.0,8.0,981,609.0,364.0,8.0,981,,,,,206.0,245.0,23.0,10.0,,,,,,,,,229,255,484
"Teerthanker Mahaveer University, Moradabad ",56,1,1,0,2,1450.0,1250.0,,2700,1200.0,1000.0,,2200,0.0,0.0,,,203.0,72.0,211.0,232.0,10.0,2.0,21.0,1.0,4.0,6.0,0.0,0.0,449,313,762
"Telangana University, Nizamabad ",18,2,2,0,4,470.0,312.0,,782,297.0,118.0,,415,,,,,491.0,200.0,1282.0,1485.0,,,,,,,0.0,0.0,1773,1685,3458
"TERI School of Advanced Studies, New Delhi ",6,0,1,0,1,,48.0,,48,,48.0,,48,,,,,111.0,125.0,,,11.0,1.0,,,,,,,122,126,248
"Tezpur University, Tezpur ",53,4,6,0,10,1550.0,1017.0,,2567,1209.0,982.0,,2191,22.0,10.0,,,197.0,207.0,60.0,17.0,6.0,9.0,,,11.0,0.0,0.0,0.0,296,243,539
"Thapar Institute of Engineering and Technology, Patiala ",35,6,3,0,9,2550.0,878.0,,3428,2676.0,814.0,,3490,21.0,9.0,0.0,0.0,345.0,228.0,526.0,100.0,,,,,,,0.0,0.0,892,337,1229
"The English and Foreign Languages University, Hyderabad ",38,2,2,0,4,760.0,464.0,,1224,695.0,439.0,,1134,28.0,19.0,62.0,58.0,237.0,412.0,71.0,65.0,158.0,267.0,,,,,,,556,821,1377
"The Global Open University Nagaland, Dimapur ",100,1,1,0,2,100.0,100.0,,200,0.0,0.0,,0,,,,,3112.0,1896.0,1931.0,1062.0,0.0,0.0,7.0,8.0,,,,,5050,2966,8016
"The Institute of Chartered Financial Analysts of India University, Agartala ",1,1,1,0,2,580.0,200.0,,780,358.0,73.0,,431,,,,,,,258.0,143.0,,,,,,,,,258,143,401
"The Rajiv Gandhi National University of Law, Patiala ",3,3,3,0,6,272.0,178.0,,450,247.0,152.0,,399,0.0,0.0,,,0.0,1.0,,,,,,,,,52.0,21.0,52,22,74
"The West Bengal National University of Juridicial Sciences, Kolkata ",5,1,1,0,2,294.0,257.0,,551,294.0,257.0,,551,0.0,1.0,1.0,0.0,3.0,9.0,54.0,39.0,26.0,13.0,,,,,,,84,62,146
"Tilak Maharashtra Vidyapeeth, Pune ",125,1,1,0,2,56.0,96.0,,152,56.0,80.0,,136,0.0,0.0,0.0,0.0,683.0,519.0,2378.0,1249.0,4.0,0.0,241.0,188.0,338.0,92.0,,,3644,2048,5692
"T.M. Bhagalpur University, Bhagalpur ",68,5,2,0,7,800.0,300.0,,1100,800.0,300.0,,1100,429.0,123.0,,,1891.0,861.0,8294.0,4207.0,,,,,,,,,10614,5191,15805
"Tripura University, Agartala ",61,1,1,0,2,80.0,80.0,,160,79.0,75.0,,154,10.0,3.0,,,527.0,491.0,4676.0,6006.0,49.0,35.0,284.0,243.0,,,,,5546,6778,12324
"Tumkur University, Tumkur ",16,2,2,0,4,220.0,80.0,,300,160.0,43.0,,203,,,,,745.0,500.0,5471.0,7704.0,,,,,,,44.0,9.0,6260,8213,14473
"University of Agricultural Sciences, Bangalore ",7,2,2,1,5,558.0,464.0,58.0,1080,775.0,670.0,41.0,1486,72.0,40.0,,,224.0,162.0,283.0,228.0,,,40.0,59.0,,,,,619,489,1108
"University of Agricultural Sciences, Dharwad ",34,14,6,1,21,1251.0,584.0,28.0,1863,1261.0,744.0,10.0,2015,30.0,38.0,,,264.0,212.0,851.0,701.0,,,160.0,65.0,,,,,1305,1016,2321
"University of Agricultural Sciences, Raichur ",4,3,1,1,5,330.0,100.0,60.0,490,330.0,100.0,60.0,490,,,,,40.0,26.0,113.0,20.0,,,,,,,,,153,46,199
"University of Allahabad, Allahabad ",116,10,5,5,20,2032.0,915.0,1068.0,4015,1729.0,590.0,875.0,3194,89.0,50.0,,,2426.0,18.0,7062.0,9110.0,112.0,107.0,49.0,33.0,800.0,689.0,417.0,0.0,10955,10007,20962
University of Delhi ,275,9,6,2,17,1141.0,817.0,98.0,2056,1088.0,803.0,110.0,2001,137.0,198.0,120.0,145.0,2163.0,2604.0,57940.0,26634.0,214.0,260.0,282.0,223.0,183.0,293.0,,,61039,30357,91396
"University of Hyderabad, Hyderabad ",133,11,7,0,18,2628.0,1255.0,,3883,10989.0,6993.0,,17982,0.0,0.0,0.0,0.0,470.0,269.0,0.0,0.0,245.0,87.0,,,,,48.0,25.0,763,381,1144
"University of Jammu, Jammu Tawi ",101,4,3,0,7,465.0,435.0,,900,343.0,416.0,,759,30.0,30.0,44.0,14.0,3888.0,940.0,10565.0,14556.0,6.0,39.0,,,,,,,14533,15579,30112
"University of Kashmir, Srinagar ",158,3,2,0,5,450.0,456.0,,906,452.0,389.0,,841,0.0,0.0,0.0,0.0,2233.0,2264.0,17208.0,18930.0,90.0,41.0,73.0,49.0,,,236.0,234.0,19840,21518,41358
"University of Patanjali, Patanjali Yogpeeth, Haridwar ",6,1,1,0,2,500.0,500.0,,1000,112.0,75.0,,187,,,,,33.0,16.0,0.0,0.0,17.0,14.0,,,,,,,50,30,80
"Utkal University, Bhubaneswar ",77,6,5,0,11,1365.0,765.0,,2130,1365.0,737.0,,2102,118.0,41.0,77.0,113.0,564.0,691.0,2991.0,5366.0,,,,,,,,,3750,6211,9961
"Utkal University of Culture, Bhubaneswar ",6,1,1,0,2,100.0,100.0,,200,0.0,0.0,,0,,,,,116.0,87.0,44.0,55.0,,,,,,,,,160,142,302
"UTTARAKHAND UNIVERSITY OF HORTICULTURE AND FORESTRY, BHARSAR ",1,1,1,0,2,77.0,45.0,,122,60.0,44.0,,104,,,,,,,0.0,0.0,,,,,,,,,0,0,0
"Uttar Banga Krishi Vishwavidyalaya, Cooch Behar ",7,3,1,0,4,197.0,20.0,,217,195.0,20.0,,215,2.0,1.0,,,8.0,0.0,43.0,19.0,,,,,,,,,53,20,73
UTTAR PRADESH VIKLANG UDDHAR DR SHAKUNTALA MISRA UNIVERSITY ,15,1,1,0,2,42.0,42.0,,84,11.0,37.0,,48,,,,,28.0,38.0,76.0,75.0,,,,,,,,,104,113,217
"Veer Bahadur Singh Purvanchal University, Jaunpur ",4,4,2,1,7,810.0,200.0,50.0,1060,550.0,190.0,25.0,765,7.0,16.0,,,1057.0,1330.0,5583.0,7197.0,,,45.0,41.0,21.0,24.0,,,6713,8608,15321
"Veer Kunwar Singh University, Arrah ",43,0,1,0,1,,60.0,,60,,0.0,,0,0.0,0.0,,,1796.0,1174.0,57616.0,38804.0,,,,,,,,,59412,39978,99390
"Veer Narmad South Gujarat University, Surat ",78,7,5,0,12,331.0,371.0,,702,325.0,447.0,,772,4.0,2.0,9.0,7.0,1860.0,3661.0,19509.0,26127.0,43.0,67.0,7.0,156.0,,,53.0,102.0,21485,30122,51607
"Veer Surendra Sai University of Technology, Sambalpur ",36,5,3,0,8,1040.0,500.0,,1540,1195.0,601.0,,1796,0.0,0.0,,,70.0,20.0,199.0,76.0,,,,,,,,,269,96,365
"Vellore Institute of Technology, Vellore ",53,15,4,0,19,9770.0,3500.0,,13270,7659.0,2989.0,,10648,40.0,24.0,,,1695.0,985.0,6420.0,2095.0,,,,,,,780.0,854.0,8935,3958,12893
"Vesveswaraiah Technological University, Belgaum ",12,3,2,0,5,225.0,150.0,,375,221.0,150.0,,371,184.0,31.0,,,6398.0,4263.0,39157.0,20743.0,0.0,0.0,,,,,345.0,1.0,46084,25038,71122
"Vidya Sagar University, Midnapore ",76,1,1,0,2,172.0,165.0,,337,172.0,165.0,,337,35.0,9.0,3.0,3.0,4353.0,4437.0,20838.0,16607.0,48.0,24.0,204.0,98.0,142.0,40.0,16.0,9.0,25639,21227,46866
"Vijayanagara Sri Krishnadevaraya University, Bellary ",11,0,1,0,1,,200.0,,200,,119.0,,119,0.0,0.0,0.0,0.0,375.0,162.0,3638.0,2857.0,0.0,0.0,,,,,,,4013,3019,7032
"Vikram Simhapuri University, Nellore ",11,1,1,0,2,200.0,100.0,,300,71.0,50.0,,121,0.0,0.0,,,1433.0,1096.0,5942.0,5240.0,,,,,,,0.0,0.0,7375,6336,13711
"Vikram University, Ujjain ",100,3,1,1,5,300.0,100.0,36.0,436,297.0,100.0,4.0,401,88.0,72.0,125.0,164.0,1822.0,2037.0,13316.0,15798.0,71.0,32.0,43.0,19.0,11.0,18.0,,,15476,18140,33616
"VINAYAKA MISSIONs RESEARCH FOUNDATION, SALEM ",217,1,1,0,2,192.0,288.0,,480,192.0,288.0,,480,114.0,46.0,0.0,1.0,15980.0,7462.0,22019.0,9790.0,811.0,438.0,2048.0,709.0,189.0,202.0,0.0,0.0,41161,18648,59809
"Vinayaka Missions Sikkim University, Tadong ",12,0,1,0,1,,60.0,,60,,45.0,,45,,,,,,,61.0,48.0,,,3.0,24.0,,,,,64,72,136
"Vinoba Bhave University, Hazaribagh ",24,1,3,0,4,100.0,200.0,,300,96.0,40.0,,136,,,,,719.0,808.0,12858.0,8076.0,,,,,73.0,57.0,,,13650,8941,22591
"Visva Bharati, Shantiniketan ",183,14,13,0,27,1284.0,1102.0,,2386,1284.0,1102.0,,2386,65.0,41.0,7.0,9.0,364.0,308.0,298.0,276.0,,,1.0,0.0,82.0,92.0,0.0,0.0,817,726,1543
"Visvesvaraya National Institute of Technology, Nagpur ",29,8,5,0,13,2396.0,1112.0,,3508,1872.0,1116.0,,2988,,,,,144.0,29.0,363.0,99.0,,,,,,,,,507,128,635
"West Bengal State University, Kolkata ",34,1,1,0,2,100.0,100.0,,200,0.0,0.0,,0,,,,,632.0,644.0,12376.0,13134.0,,,,,18.0,8.0,,,13026,13786,26812
"West Bengal University of Animal and Fishery Sciences, Kolkata ",55,7,3,0,10,669.0,180.0,,849,439.0,141.0,,580,2.0,0.0,,,40.0,19.0,70.0,20.0,,,,,,,,,112,39,151
"West Bengal University of Technology, Kolkata ",11,0,1,0,1,,8.0,,8,,8.0,,8,11.0,0.0,,,2860.0,1205.0,23371.0,7098.0,1.0,7.0,28.0,8.0,,,6.0,2.0,26277,8320,34597
"Yenepoya University, Mangalore ",1,1,1,0,2,716.0,1618.0,,2334,562.0,1229.0,,1791,0.0,0.0,,,41.0,35.0,28.0,113.0,,,,,,,,,69,148,217
