University,Level - Ph.D - Male,Level - Ph.D - Female,Level - M.Phil - Male,Level - M.Phil - Female,Level - Post Graduate - Male,Level - Post Graduate - Female,Level - Under Graduate - Male,Level - Under Graduate - Female,Level - PG Diploma - Male,Level - PG Diploma - Female,Level - Diploma - Male,Level - Diploma - Female,Level - Certificate - Male,Level - Certificate - Female,Level - Integrated - Male,Level - Integrated - Female,Level - Total - Male,Level - Total - Female,Grand Total
"Academy of Maritime Education and Training, Chennai (Id: U-0434)",0,0,1,0,69,9,600,7,NA,NA,NA,NA,NA,NA,NA,NA,670,16,686
"Acharya Nagarjuna University, Guntur (Id: U-0003)",192,92,103,75,3350,3007,12135,11846,0,0,15,42,0,13,12,9,15807,15084,30891
"Acharya NG Ranga Agricultural University, Hyderabad (Id: U-0004)",26,28,NA,NA,32,50,345,298,NA,NA,NA,NA,NA,NA,NA,NA,403,376,779
"Adikavi Nannaya University, Rajahmundry, East Godawari (Id: U-0005)",0,0,NA,NA,48,44,NA,NA,NA,NA,NA,NA,NA,NA,0,0,48,44,92
Ahmedabad University (Id: U-0122),NA,NA,NA,NA,187,71,377,377,NA,NA,NA,NA,NA,NA,NA,NA,564,448,1012
"AIIMS, Ansari Nagar New Delhi (Id: U-0096)",56,25,NA,NA,150,52,38,92,NA,NA,NA,NA,NA,NA,NA,NA,244,169,413
AISECT UNIVERSITY (Id: U-0656),0,0,0,0,11,2,66,10,0,0,0,0,NA,NA,NA,NA,77,12,89
"Alagappa University, Alagappa Nagar, Karaikudi (Id: U-0435)",88,44,65,119,10044,7614,7915,11059,6,3,0,0,0,168,0,0,18118,19007,37125
"Aliah University, Kolkata (Id: U-0567)",NA,NA,NA,NA,116,46,210,17,NA,NA,NA,NA,865,234,4,4,1195,301,1496
"Aligarh Muslim University, Aligarh (Id: U-0496)",1087,0,49,0,1777,0,4715,0,398,0,735,0,94,0,NA,NA,8855,0,8855
Alliance University. Bangalore (Id: U-0213),NA,NA,NA,NA,0,0,0,0,NA,NA,NA,NA,NA,NA,NA,NA,0,0,0
"Amity University, Gautam Budh Nagar (Id: U-0497)",0,0,13,13,2577,1388,3141,1537,5,13,2,12,NA,NA,106,57,5844,3020,8864
"Amity University, Gwalior (Id: U-0604)",NA,NA,NA,NA,0,0,0,0,NA,NA,NA,NA,NA,NA,NA,NA,0,0,0
"Amity University Haryana, Gurgaon (Id: U-0155)",NA,NA,NA,NA,137,165,396,179,2,0,NA,NA,NA,NA,NA,NA,535,344,879
"Amity University, Jaipur, (Id: U-0388)",NA,NA,0,0,85,50,74,35,0,0,NA,NA,NA,NA,0,0,159,85,244
"Amrita Vishwa Vidyapeetham, Coimbatore (Id: U-0436)",7,4,NA,NA,521,695,1596,1454,3,9,0,0,NA,NA,1,9,2128,2171,4299
"Anand Agricultural University, Anand (Id: U-0123)",107,15,NA,NA,268,42,441,92,NA,NA,51,12,NA,NA,NA,NA,867,161,1028
"Andhra University, Visakhapatnam (Id: U-0006)",192,77,26,21,7472,7328,6216,8860,30,18,24,18,39,36,0,0,13999,16358,30357
"Annamalai University, Annamalainagar (Id: U-0443)",226,92,71,67,18114,22042,27531,25507,1035,417,566,417,607,1035,0,0,48150,49577,97727
"Anna University, Chennai (Id: U-0439)",NA,NA,15,16,1090,1018,1127,767,NA,NA,NA,NA,NA,NA,NA,NA,2232,1801,4033
"Anna University, Coimbatore (Id: U-0440)",4,3,NA,NA,8530,5486,22677,14233,344,57,NA,NA,NA,NA,0,0,31555,19779,51334
"Anna University of Technology, Chennai (Id: U-0437)",3,0,NA,NA,4751,3464,23372,14225,NA,NA,NA,NA,NA,NA,NA,NA,28126,17689,45815
"Anna University of Technology, Madurai (Id: U-0438)",109,0,NA,NA,1292,769,5505,3664,NA,NA,NA,NA,NA,NA,NA,NA,6906,4433,11339
"Anna University of Technology, Tirunelveli (Id: U-0442)",0,0,NA,NA,1404,1198,8634,5325,NA,NA,NA,NA,NA,NA,16,0,10054,6523,16577
"Anna University, Tiruchirapalli (Id: U-0441)",NA,NA,NA,NA,1541,1230,9548,4713,NA,NA,NA,NA,NA,NA,NA,NA,11089,5943,17032
"Apeejay Stya University, Sohna (Id: U-0156)",0,0,NA,NA,0,0,0,0,NA,NA,NA,NA,NA,NA,0,0,0,0,0
"A.P. Horticulture University Venkannagudem, T.P. Gudem, West Godawari (Id: U-0001)",0,0,NA,NA,17,16,107,105,NA,NA,60,61,NA,NA,NA,NA,184,182,366
"A.P. University of Law, Vishakhapatnam (Id: U-0002)",0,0,NA,NA,NA,NA,NA,NA,NA,NA,NA,NA,NA,NA,0,0,0,0,0
"Arni University, Katgarh (Indora), Kangra (Id: U-0176)",NA,NA,0,0,104,81,0,0,NA,NA,0,0,NA,NA,NA,NA,104,81,185
"Aryabhatta Knoweledge University , Patna (Id: U-0057)",NA,NA,NA,NA,80,12,484,84,NA,NA,147,8,NA,NA,NA,NA,711,104,815
"Assam Agricultural University, Jorhat (Id: U-0048)",5,12,NA,NA,42,52,130,134,NA,NA,NA,NA,NA,NA,NA,NA,177,198,375
"Assam Doon Bosco University, Guwahati (Id: U-0049)",0,0,NA,NA,23,11,0,0,0,0,NA,NA,NA,NA,NA,NA,23,11,34
"Assam University, Silchar (Id: U-0050)",NA,NA,NA,NA,410,353,891,1121,NA,NA,NA,NA,1,2,33,33,1335,1509,2844
"Atal Bihari Vajpayee Indian Institute of Information Technology and Management, Gwalior (Id: U-0267)",5,2,NA,NA,100,22,NA,NA,NA,NA,NA,NA,NA,NA,69,9,174,33,207
"Avinashilingam Institute for Home Science & Higher Education for Women, Coimbatore (Id: U-0444)",0,30,0,125,0,410,0,1247,NA,NA,NA,NA,NA,NA,NA,NA,0,1812,1812
"Awadesh Pratap Singh University, Rewa (Id: U-0268)",49,19,496,198,2479,3202,17182,17044,46,19,169,100,37,13,0,0,20458,20595,41053
"Ayush and Health Science University of Chattisgarh, Raipur (Id: U-0081)",NA,NA,NA,NA,47,172,844,2865,NA,NA,15,210,0,117,NA,NA,906,3364,4270
"Azim Premji University, Bangalore (Id: U-0601)",NA,NA,NA,NA,0,0,NA,NA,NA,NA,NA,NA,NA,NA,NA,NA,0,0,0
"Baba Farid University of Health & Medical Sciences, Faridkot (Id: U-0371)",NA,NA,NA,NA,160,371,1455,6222,1,1,59,1224,NA,NA,NA,NA,1675,7818,9493
"Baba Ghulam Shah Badshah University, Jammu (Id: U-0191)",0,0,0,0,84,28,39,5,NA,NA,NA,NA,NA,NA,NA,NA,123,33,156
"Babasaheb Bhimrao Ambedkar Bihar University, Muzaffarpur (Id: U-0058)",NA,NA,NA,NA,1946,798,29743,19322,NA,NA,NA,NA,1307,408,NA,NA,32996,20528,53524
"Babasheb Bhimrao Ambedkar University, Lucknow (Id: U-0498)",23,10,NA,NA,206,108,NA,NA,NA,NA,NA,NA,NA,NA,NA,NA,229,118,347
"Babu Banarsi Das University, Lucknow (Id: U-0499)",0,0,NA,NA,0,0,0,0,NA,NA,NA,NA,NA,NA,NA,NA,0,0,0
"Baddi University of Emerging Sciences and Technology, Budha (Makhnumajra), Solan (Id: U-0177)",NA,NA,NA,NA,102,28,303,121,NA,NA,NA,NA,NA,NA,NA,NA,405,149,554
"Bahra University, Solan (Id: U-0597)",0,0,NA,NA,10,5,0,0,NA,NA,NA,NA,NA,NA,NA,NA,10,5,15
"Banaras Hindu University, Banaras (Id: U-0500)",258,169,NA,NA,1681,1302,2753,3135,0,0,0,42,0,49,NA,NA,4692,4697,9389
Banasthali Vidyapith (Id: U-0389),55,296,0,44,0,4348,0,4369,0,17,NA,NA,NA,NA,NA,NA,55,9074,9129
"Bangalore University, Bangalore (Id: U-0215)",77,40,NA,NA,6893,6019,30934,39357,19,51,40,182,93,469,3,2,38059,46120,84179
"Barkatullah University, Bhopal (Id: U-0269)",39,46,0,14,5355,5451,22186,25802,256,255,131,292,2,1,10,8,27979,31869,59848
"Bastar Vishwavidyalaya, Bastar (Id: U-0082)",NA,NA,NA,NA,192,209,1786,2509,44,93,25,15,NA,NA,NA,NA,2047,2826,4873
"Berhampur University, Berhampur (Id: U-0350)",NA,NA,53,49,750,522,2523,2039,6,2,NA,NA,NA,NA,NA,NA,3332,2612,5944
"Bhagat Phool Singh Mahila University, Khanpur Kalan, Sonipat (Id: U-0157)",0,3,NA,NA,0,147,0,831,NA,NA,0,54,0,49,0,96,0,1180,1180
"Bhagwant University, Ajmer (Id: U-0390)",NA,NA,NA,NA,67,7,150,50,NA,NA,0,0,NA,NA,NA,NA,217,57,274
"Bharathiar University, Coimbatore (Id: U-0447)",237,206,1743,552,5744,8955,15245,24638,85,177,14,38,0,80,0,0,23068,34646,57714
"Bharathidasan University, Tiruchirappalli (Id: U-0448)",181,81,1058,1901,4607,8624,12755,29585,139,261,190,393,110,150,7,3,19047,40998,60045
Bharath Institute of Higher Education & Research (Id: U-0446),NA,NA,NA,NA,212,99,939,178,NA,NA,7,1,NA,NA,NA,NA,1158,278,1436
"Bharati Vidyapeeth, Pune (Id: U-0292)",11,3,6,0,1366,1146,1795,1209,102,78,85,93,528,317,182,93,4075,2939,7014
"Bharat Ratana Dr. B. R. Ambedkar University, Dwarka (Id: U-0097)",0,0,0,0,22,54,0,0,NA,NA,NA,NA,NA,NA,NA,NA,22,54,76
"Bhatkhande Music Institute, Lucknow (Id: U-0501)",0,0,NA,NA,22,48,14,17,NA,NA,227,309,NA,NA,NA,NA,263,374,637
"Bhupendra Narayan Mandal University, Madhepura (Id: U-0059)",255,100,NA,NA,485,359,16688,8179,2,2,NA,NA,NA,NA,0,0,17430,8640,26070
"Bidhan Chandra Krishi Vishwavidyalaya , Nadia (Id: U-0568)",0,0,NA,NA,0,0,0,0,NA,NA,NA,NA,NA,NA,NA,NA,0,0,0
"Bihar Agriculture University, Sabour (Id: U-0060)",0,0,NA,NA,2,0,168,49,NA,NA,NA,NA,NA,NA,NA,NA,170,49,219
"Biju Patnaik University of Technology, Rourkela (Id: U-0351)",NA,NA,NA,NA,1161,641,6309,2424,NA,NA,141,32,NA,NA,NA,NA,7611,3097,10708
"Birla Institute of Technology, Ranchi (Id: U-0202)",NA,NA,NA,NA,346,105,484,111,0,0,NA,NA,0,0,NA,NA,830,216,1046
"Birla Institute of Technology & Sciences, Pilani (Id: U-0391)",NA,NA,NA,NA,285,84,1108,205,NA,NA,NA,NA,NA,NA,573,193,1966,482,2448
"Birsa Agricultural University, Ranchi (Id: U-0203)",7,0,NA,NA,34,0,45,14,NA,NA,6,2,0,0,NA,NA,92,16,108
"B.L.D.E. University, Bijapur (Id: U-0214)",0,0,NA,NA,12,9,0,0,12,13,NA,NA,NA,NA,NA,NA,24,22,46
"B. S. Abdul Rahman Instiute of Science & Technology, Chennai (Id: U-0445)",1,0,1,6,234,117,0,0,NA,NA,NA,NA,NA,NA,NA,NA,236,123,359
"Bundelkhand University, Jhansi (Id: U-0502)",1,1,144,94,2896,2871,46546,45399,NA,NA,35,63,NA,NA,100,66,49722,48494,98216
"Burdwan University, Burdwan (Id: U-0569)",0,0,NA,NA,5853,7068,32686,31261,64,36,40,17,0,0,79,118,38722,38500,77222
"Calcutta University, Kolkata (Id: U-0570)",0,0,40,0,3712,687,34916,26979,136,0,93,52,264,203,75,35,39236,27956,67192
"Calicut University, Thenhipalem, Malapuram (Id: U-0251)",17,18,7,63,924,3515,8301,18917,6,41,0,71,49,348,7,11,9311,22984,32295
"Carlox Teacher's University, Ahmedabad (Id: U-0125)",NA,NA,NA,NA,NA,NA,NA,NA,NA,NA,NA,NA,NA,NA,0,0,0,0,0
"Central Institute of Fisheries Education, Fishries University, Mumbai (Id: U-0293)",18,5,NA,NA,52,3,NA,NA,NA,NA,NA,NA,NA,NA,NA,NA,70,8,78
"Central Institute of Higher Tibetan Studies, Varanasi (Id: U-0503)",2,0,4,0,52,28,235,112,NA,NA,NA,NA,NA,NA,NA,NA,293,140,433
"Central Univeristy of Gujarat, Gandhinagar (Id: U-0126)",NA,NA,NA,NA,6,5,NA,NA,NA,NA,NA,NA,NA,NA,20,14,26,19,45
"Central Univeristy of Kerala, Trivandrum (Id: U-0252)",0,0,NA,NA,7,10,NA,NA,NA,NA,NA,NA,NA,NA,NA,NA,7,10,17
"Central University of Bihar, Patna (Id: U-0062)",NA,NA,NA,NA,19,6,NA,NA,NA,NA,NA,NA,NA,NA,NA,NA,19,6,25
"Central University of Haryana, Mahendergarh (Id: U-0158)",0,0,4,8,0,0,NA,NA,NA,NA,NA,NA,NA,NA,NA,NA,4,8,12
"Central University of Himachal Pradesh, Dharmshala, Kangra (Id: U-0178)",0,0,NA,NA,68,47,NA,NA,NA,NA,NA,NA,NA,NA,NA,NA,68,47,115
CENTRAL UNIVERSITY OF JAMMU (Id: U-0631),NA,NA,NA,NA,0,0,NA,NA,NA,NA,NA,NA,NA,NA,NA,NA,0,0,0
"Central University of Jharkhand, Ranchi (Id: U-0204)",NA,NA,NA,NA,NA,NA,NA,NA,NA,NA,NA,NA,NA,NA,0,0,0,0,0
"Central University of Karnataka, Gulbarga (Id: U-0216)",0,0,0,0,61,26,0,0,NA,NA,NA,NA,NA,NA,NA,NA,61,26,87
"Central University of Kashmir, Srinagar (Id: U-0193)",NA,NA,NA,NA,119,33,NA,NA,NA,NA,NA,NA,NA,NA,0,0,119,33,152
"Central University of Orissa, Koraput (Id: U-0352)",NA,NA,NA,NA,58,68,NA,NA,NA,NA,NA,NA,NA,NA,0,0,58,68,126
"Central University of Punjab, Bathhinda (Id: U-0372)",NA,NA,NA,NA,0,0,NA,NA,NA,NA,NA,NA,NA,NA,0,0,0,0,0
"Central University of Rajasthan, Jaipur (Id: U-0392)",NA,NA,NA,NA,6,11,NA,NA,NA,NA,NA,NA,NA,NA,NA,NA,6,11,17
"Central University of Tamil Nadu, Tiruvarur (Id: U-0449)",NA,NA,NA,NA,5,3,NA,NA,NA,NA,NA,NA,NA,NA,0,0,5,3,8
"Centre for Environmental Planning and Technology University, Ahmedabad (Id: U-0127)",NA,NA,NA,NA,163,158,44,42,NA,NA,NA,NA,NA,NA,NA,NA,207,200,407
Centurion University of Technology and Management (Id: U-0353),NA,NA,NA,NA,0,0,0,0,NA,NA,NA,NA,NA,NA,NA,NA,0,0,0
"Chandra Shekhar Azad University of Agriculture & Technology, Kanpur (Id: U-0504)",NA,NA,NA,NA,109,30,NA,NA,NA,NA,NA,NA,NA,NA,NA,NA,109,30,139
"Chankaya National Law University, Patna (Id: U-0063)",0,0,NA,NA,0,0,NA,NA,NA,NA,NA,NA,NA,NA,56,24,56,24,80
"Charotar University of Science & Technology, Anand (Id: U-0128)",NA,NA,0,0,196,198,0,0,0,0,NA,NA,NA,NA,NA,NA,196,198,394
"Chatrapati Sahuji Maharaj Kanpur University, Kanpur (Id: U-0505)",370,454,93,70,12818,21910,205925,201199,41,28,53,35,131,98,0,0,219431,223794,443225
"Chaudhary Charan Singh Haryana Agricultural University, Hisar (Id: U-0159)",4,21,NA,NA,117,72,84,54,40,38,NA,NA,NA,NA,NA,NA,245,185,430
"Chaudhary Sarwan Kumar Himachal Pardesh Krishi Vishvavidyalaya, Palampur (Id: U-0179)",4,6,NA,NA,43,59,43,88,NA,NA,NA,NA,NA,NA,NA,NA,90,153,243
"Ch. Devi Lal University, Sirsa (Id: U-0160)",0,0,40,40,414,765,3321,7882,NA,NA,245,441,146,39,7,0,4173,9167,13340
"Chennai Mathematical Institue, Chennai (Id: U-0450)",2,0,NA,NA,19,6,5,0,NA,NA,NA,NA,NA,NA,NA,NA,26,6,32
"Chettinad Academy of Research & Education, Kancheepuram (Id: U-0451)",0,0,NA,NA,14,18,0,0,1,1,3,2,NA,NA,NA,NA,18,21,39
CHHATTISGARH KAMDHENU VISHWAVIDALAYA (Id: U-0634),NA,NA,NA,NA,NA,NA,NA,NA,NA,NA,NA,NA,NA,NA,NA,NA,0,0,0
"Chhattisgarh Swami Vivekanand Technical University, Bhilai (Id: U-0083)",1,0,NA,NA,798,770,6558,3059,NA,NA,1388,646,NA,NA,NA,NA,8745,4475,13220
"Children University, Gandhinagar (Id: U-0594)",0,0,0,0,NA,NA,NA,NA,NA,NA,NA,NA,NA,NA,NA,NA,0,0,0
"Chitkara University, Kalu Jhanda (Barotiwala), Solan (Id: U-0180)",0,0,NA,NA,86,72,33,10,NA,NA,NA,NA,NA,NA,NA,NA,119,82,201
"Chitkara University, Patiala (Id: U-0373)",0,0,NA,NA,107,0,587,97,NA,NA,NA,NA,NA,NA,NA,NA,694,97,791
"Choudhary Charan Singh University, Meerut (Id: U-0506)",150,192,0,0,3398,5784,28570,32190,NA,NA,65,239,0,0,102,88,32285,38493,70778
"Christ University, Bangalore (Id: U-0217)",0,0,30,63,602,608,775,887,36,14,NA,NA,NA,NA,0,0,1443,1572,3015
"Cochin University of Science & Technology, Kochi (Id: U-0253)",45,40,14,61,532,520,1990,2346,0,26,7,1,31,3,20,0,2639,2997,5636
Dakshina Bharat Hindi Prachar Sabha (Id: U-0452),4,6,30,31,20,29,NA,NA,20,29,NA,NA,NA,NA,NA,NA,74,95,169
"Datta Meghe Institute of Medical Sciences, Nagpur (Id: U-0295)",NA,NA,NA,NA,51,68,108,276,8,12,NA,NA,NA,NA,NA,NA,167,356,523
"Davangere University, Davangere (Id: U-0218)",NA,NA,NA,NA,906,821,6876,7185,NA,NA,0,0,0,0,NA,NA,7782,8006,15788
"Dayalbagh Educational Institute, Agra (Id: U-0507)",6,32,14,93,66,268,271,690,53,97,8,0,532,536,0,0,950,1716,2666
"Deccan College Postgraduate & Research Institute, Pune (Id: U-0296)",0,0,NA,NA,14,10,NA,NA,1,0,NA,NA,NA,NA,NA,NA,15,10,25
"Deenbandhu Chhotu Ram University of Science & Technology, Murthal(Sonepat) (Id: U-0161)",NA,NA,NA,NA,239,244,1425,547,NA,NA,NA,NA,NA,NA,NA,NA,1664,791,2455
"Deen Dayal Upadhyay Gorakhpur University, Gorakhpur (Id: U-0508)",3,5,NA,NA,1631,4819,10212,11440,3,0,173,296,225,130,NA,NA,12247,16690,28937
"Defence Institute of Advanced Technology, Girinagar, Pune (Id: U-0297)",NA,NA,NA,NA,93,9,NA,NA,NA,NA,NA,NA,NA,NA,NA,NA,93,9,102
Delhi Technological University (Id: U-0098),0,0,NA,NA,65,17,427,46,NA,NA,NA,NA,NA,NA,NA,NA,492,63,555
"Devi Ahilya Vishwavidyalaya, Indore (Id: U-0270)",7,8,46,8,5714,4129,21122,22811,225,179,135,160,32,10,NA,NA,27281,27305,54586
"Dev Sanskrit Vishwavidyalaya Gayatrikunj, Haridwar (Id: U-0551)",7,9,NA,NA,41,83,42,81,134,202,0,0,NA,NA,NA,NA,224,375,599
"Dharmsinh Desai univeristy, Nadiad (Id: U-0129)",4,1,NA,NA,220,37,1043,172,NA,NA,32,0,NA,NA,NA,NA,1299,210,1509
"Dhirubhai Ambani Institute of Information & Communication Technology, Gandhi Nagar (Id: U-0130)",3,0,NA,NA,100,26,196,21,NA,NA,NA,NA,NA,NA,NA,NA,299,47,346
"Dibrugarh University, Dibrugarh (Id: U-0051)",45,28,4,1,448,619,5206,7581,86,170,49,55,92,171,23,28,5953,8653,14606
"Doon University, Dehradun (Id: U-0552)",NA,NA,NA,NA,23,39,NA,NA,NA,NA,NA,NA,NA,NA,0,0,23,39,62
"Dravidian University, Kuppam, Chittoor District (Id: U-0010)",7,0,4,1,2215,649,265,82,0,0,NA,NA,0,0,0,0,2491,732,3223
"Dr. Babasaheb Ambedkar Marathwada University, Aurangabad (Id: U-0298)",0,0,197,65,4272,2388,19327,9488,156,71,43,14,94,50,NA,NA,24089,12076,36165
"Dr. Babasaheb Ambedkar Open University, Ahmedabad (Id: U-0131)",NA,NA,NA,NA,0,0,0,0,0,0,39,8,NA,NA,NA,NA,39,8,47
"Dr. Babasaheb Ambedkar Technological University, Lonere (Id: U-0299)",NA,NA,NA,NA,79,40,294,128,NA,NA,NA,NA,NA,NA,NA,NA,373,168,541
"Dr. Balasaheb Sawant Konkan Krishi Vidyaapeeth,(former Konkan Krishi Vidyapeeth) Ratnagiri (Id: U-0300)",15,3,NA,NA,60,25,429,158,NA,NA,NA,NA,NA,NA,NA,NA,504,186,690
"Dr. B. R. Ambedkar National Institute of Technology, Jalandhar (Id: U-0374)",0,0,NA,NA,6,10,387,99,NA,NA,NA,NA,NA,NA,NA,NA,393,109,502
"Dr. B. R. Ambedkar Open University, Hyderabad (Id: U-0007)",NA,NA,NA,NA,714,842,14985,9644,0,0,NA,NA,0,0,NA,NA,15699,10486,26185
"Dr. B. R. Ambedkar University, Agra (Id: U-0509)",30,20,60,80,3394,3999,44228,40069,78,41,27,50,87,36,467,89,48371,44384,92755
"Dr.B.R.Ambedkar University, Etcherla (Id: U-0009)",NA,NA,NA,NA,638,349,4290,4000,NA,NA,NA,NA,NA,NA,12,7,4940,4356,9296
"Dr. C. V. Raman University, Kota Bilaspur (Id: U-0084)",NA,NA,73,168,62,38,261,91,34,16,34,19,NA,NA,NA,NA,464,332,796
"Dr. D.Y.Patil Vidyapeeth, Pune (Id: U-0301)",0,0,NA,NA,166,123,171,221,11,8,NA,NA,0,0,NA,NA,348,352,700
"Dr. Harisingh Gaur Vishwavidyalaya, Sagar (Id: U-0271)",33,111,0,0,2274,3210,22218,27248,215,157,247,151,0,28,16,9,25003,30914,55917
"Dr K N Modi University, Tonk (Id: U-0393)",NA,NA,NA,NA,16,4,130,30,NA,NA,22,3,NA,NA,NA,NA,168,37,205
"Dr. Punjarao Deshmukh Krishi Vidyapeeth, Akola (Id: U-0302)",15,0,NA,NA,316,0,977,0,NA,NA,NA,NA,0,0,NA,NA,1308,0,1308
"Dr. Ram Manohar Lohia Awadh University, Faizabad (Id: U-0510)",0,0,NA,NA,2900,2080,5343,5052,16,28,NA,NA,NA,NA,NA,NA,8259,7160,15419
"Dr. Ram Manohar Lohiya National Law University, Lucknow (Id: U-0511)",NA,NA,NA,NA,9,2,NA,NA,NA,NA,NA,NA,NA,NA,40,32,49,34,83
"Dr. Y.S. Parmar University of Horticulture and Forestry, Solan (Id: U-0181)",NA,NA,NA,NA,NA,NA,NA,NA,NA,NA,NA,NA,NA,NA,NA,NA,0,0,0
"D.Y. Patil Educational Society , Kolhapur (Id: U-0294)",NA,NA,NA,NA,50,14,143,83,8,4,NA,NA,NA,NA,NA,NA,201,101,302
"Eastern Institute for Integrated Learning in Management University, Jorethang (Id: U-0429)",NA,NA,NA,NA,14,3,14,28,NA,NA,NA,NA,NA,NA,NA,NA,28,31,59
"Eternal University, Baru Sahib Sirmour (Id: U-0182)",0,0,NA,NA,0,0,0,0,NA,NA,NA,NA,NA,NA,NA,NA,0,0,0
"Fakir Mohan University, Balasore (Id: U-0354)",50,29,22,31,1106,255,3280,3433,56,67,0,0,NA,NA,NA,NA,4514,3815,8329
"Forest Research Institute, Dehradun (Id: U-0553)",NA,NA,NA,NA,68,36,NA,NA,0,0,NA,NA,NA,NA,NA,NA,68,36,104
GALGOTIAS UNIVERSITY (Id: U-0643),NA,NA,NA,NA,0,0,0,0,NA,NA,NA,NA,NA,NA,NA,NA,0,0,0
"Gandhigram Rural Institute, Dindigul (Id: U-0453)",33,14,29,50,76,196,41,115,45,11,20,11,NA,NA,0,0,244,397,641
"Gandhi Institute of Technology & Management (GITAM) University, Visakhapatnam (Id: U-0011)",0,0,9,4,721,584,179,131,21,17,26,40,NA,NA,0,0,956,776,1732
"Ganpat Univeristy, Vidyanagar, Gandhinagar (Id: U-0132)",21,8,22,13,489,360,799,292,NA,NA,NA,NA,NA,NA,93,62,1424,735,2159
"Gauhati University, Guwahati (Id: U-0052)",120,90,19,34,1650,3135,14330,14503,219,414,1,5,36,47,740,132,17115,18360,35475
"Gautam Buddha University, Greater Noida, Gautam Budh Nagar (Id: U-0514)",0,0,NA,NA,84,27,NA,NA,NA,NA,NA,NA,NA,NA,0,0,84,27,111
"Gautam Buddh Technical University, Lucknow (Id: U-0549)",NA,NA,NA,NA,1600,686,6813,2049,32,6,42,1,NA,NA,NA,NA,8487,2742,11229
"G.B. Pant Universtiy of Agriculture and Technology, Pantnagar (Id: U-0554)",NA,NA,NA,NA,28,14,497,366,NA,NA,NA,NA,NA,NA,NA,NA,525,380,905
"G.L.A University, Mathura (Id: U-0513)",0,0,NA,NA,333,142,585,208,NA,NA,NA,NA,NA,NA,NA,NA,918,350,1268
"Goa University, Goa (Id: U-0121)",0,0,0,0,280,707,2351,4222,24,13,12,59,4,13,NA,NA,2671,5014,7685
"Gokhale Institute of Politics & Economics, Pune (Id: U-0303)",2,0,NA,NA,13,17,NA,NA,NA,NA,NA,NA,NA,NA,NA,NA,15,17,32
GRAPHIC ERA PARVATIYA VISHWAVIDYALYA (Id: U-0638),NA,NA,NA,NA,0,0,0,0,NA,NA,NA,NA,NA,NA,NA,NA,0,0,0
"Graphic Era University, Dehradun (Id: U-0555)",0,0,NA,NA,339,222,839,376,NA,NA,NA,NA,NA,NA,NA,NA,1178,598,1776
"Gujarat Ayurveda University, Jamnagar (Id: U-0133)",9,4,NA,NA,91,48,703,905,1,13,30,30,NA,NA,NA,NA,834,1000,1834
"Gujarat Forensic Science University, Gandhinagar (Id: U-0593)",0,0,0,0,28,37,NA,NA,11,12,NA,NA,10,4,NA,NA,49,53,102
"Gujarat National Law University, Gandhinagar (Id: U-0134)",0,0,NA,NA,0,0,NA,NA,NA,NA,0,0,NA,NA,49,62,49,62,111
"Gujarat Technological University, Ahmedbabd (Id: U-0135)",8,2,NA,NA,5513,2871,23994,7280,NA,NA,14036,3506,NA,NA,NA,NA,43551,13659,57210
"Gujarat University, Ahmedabad (Id: U-0136)",6,2,100,146,1893,2960,41991,40156,200,130,88,136,96,77,664,1432,45038,45039,90077
"Gujarat Vidyapith, Ahmedabad (Id: U-0137)",21,5,30,20,223,139,136,151,28,9,NA,NA,NA,NA,NA,NA,438,324,762
"Gulbarga University, Gulbarga (Id: U-0219)",147,0,67,61,2017,1598,11858,8393,68,33,2,9,101,49,NA,NA,14260,10143,24403
"Guru Angad Dev Veterinary & Animal Sciences University, Ludhiana (Id: U-0375)",14,0,NA,NA,55,33,93,29,NA,NA,22,0,NA,NA,NA,NA,184,62,246
"Guru Ghasidas Vishwavidyalaya, Bilaspur (Id: U-0085)",25,23,NA,NA,1735,1980,9502,9711,446,424,185,48,NA,NA,0,0,11893,12186,24079
Guru Gobind Singh Indraprastha University (Id: U-0099),11,8,NA,NA,1514,1260,6834,5209,NA,NA,93,559,NA,NA,89,47,8541,7083,15624
"Guru Jambheshwar University of Science and Technology, Hissar (Id: U-0162)",19,22,NA,NA,1313,1321,1513,933,39,53,NA,NA,NA,NA,NA,NA,2884,2329,5213
GURU KASHI UNIVERSITY (Id: U-0653),NA,NA,NA,NA,0,0,0,0,NA,NA,NA,NA,NA,NA,NA,NA,0,0,0
"Gurukul Kangri Vishwavidyalaya, Haridwar (Id: U-0556)",56,49,NA,NA,251,232,444,28,19,0,NA,NA,NA,NA,NA,NA,770,309,1079
"Guru Nanak Dev University, Amritsar (Id: U-0376)",NA,NA,30,113,1226,3606,6651,17931,106,478,71,245,38,74,180,180,8302,22627,30929
"Hemchandracharya North Gujart University, Patan (Id: U-0138)",27,5,43,11,2017,2955,24631,22537,355,229,NA,NA,174,136,377,309,27624,26182,53806
"Hemwati Nandan Bahuguna Garhwal Univeristy, Srinagar, Garhwal (Id: U-0557)",718,580,7,7,1687,2891,14535,23145,43,58,8,4,0,0,4,11,17002,26696,43698
"Hidayatullah National Law University, Raipur (Id: U-0086)",NA,NA,NA,NA,0,0,NA,NA,NA,NA,NA,NA,NA,NA,28,19,28,19,47
"HIHT University, Dehradun (Id: U-0558)",NA,NA,NA,NA,29,20,0,0,9,6,NA,NA,NA,NA,NA,NA,38,26,64
"Himachal Pradesh Technical University, Hamirpur (Id: U-0598)",NA,NA,NA,NA,288,231,955,480,NA,NA,NA,NA,NA,NA,NA,NA,1243,711,1954
"Himachal Pradesh University , Shimla (Id: U-0183)",49,34,113,125,938,1989,25783,33177,258,402,44,67,15,31,14,6,27214,35831,63045
"Himgiri Zee University, Dehradun (Id: U-0559)",NA,NA,NA,NA,0,0,27,77,NA,NA,NA,NA,NA,NA,NA,NA,27,77,104
"Hindustan Institute of Technology and Science, Kancheepuram (Id: U-0454)",NA,NA,NA,NA,345,56,629,114,NA,NA,NA,NA,NA,NA,NA,NA,974,170,1144
"Homi Bhabha Natioanal Institute Knowledge Management Group, Mumbai (Id: U-0304)",31,0,NA,NA,131,0,NA,NA,4,0,22,0,0,0,4,0,192,0,192
"Homoeopathy University, Jaipur (Id: U-0607)",NA,NA,NA,NA,0,0,0,0,NA,NA,NA,NA,NA,NA,NA,NA,0,0,0
"ICFAI Foundation for Higher Education, Hyderabad (Id: U-0012)",0,0,NA,NA,547,385,0,0,NA,NA,NA,NA,NA,NA,NA,NA,547,385,932
ICFAI UNIVERSITY (Id: U-0635),NA,NA,NA,NA,NA,NA,0,0,NA,NA,NA,NA,NA,NA,NA,NA,0,0,0
"IFTM University, Moradabad (Id: U-0515)",0,0,NA,NA,0,0,0,0,NA,NA,0,0,NA,NA,NA,NA,0,0,0
"I.I.S. University, Jaipur (Id: U-0394)",0,0,0,1,0,250,0,783,0,0,NA,NA,NA,NA,NA,NA,0,1034,1034
Indian Agricultural Research Institute (KRISHI PUSHA) New Delhi. (Id: U-0101),60,13,NA,NA,87,12,NA,NA,NA,NA,NA,NA,NA,NA,NA,NA,147,25,172
"Indian Institute of Foreign Trade, Delhi (Id: U-0102)",NA,NA,NA,NA,227,62,NA,NA,182,23,NA,NA,NA,NA,NA,NA,409,85,494
"Indian Institute of Information Technology, Allahabad (Id: U-0516)",NA,NA,NA,NA,164,55,190,19,NA,NA,NA,NA,NA,NA,NA,NA,354,74,428
"Indian Institute of Information Technology, Design & Manufacturing, Kancheepuram (Id: U-0455)",0,0,NA,NA,0,0,27,2,NA,NA,NA,NA,NA,NA,NA,NA,27,2,29
"Indian Institute of Science, Bangalore (Id: U-0220)",110,44,NA,NA,369,33,0,0,NA,NA,NA,NA,NA,NA,0,0,479,77,556
"Indian Institute of Science Education & Research (IISER), Bhopal (Id: U-0272)",0,0,NA,NA,NA,NA,0,0,NA,NA,NA,NA,NA,NA,NA,NA,0,0,0
"Indian Institute of Science Education & Research (IISER), Kolkata, (Id: U-0572)",12,6,NA,NA,1,0,NA,NA,NA,NA,NA,NA,NA,NA,223,50,236,56,292
"Indian Institute of Science Education & Research (IISER), Mohali (Id: U-0377)",0,0,NA,NA,0,0,NA,NA,NA,NA,NA,NA,NA,NA,NA,NA,0,0,0
"Indian Institute of Science Education & Research (IISER), Pune, (Id: U-0305)",0,0,NA,NA,NA,NA,NA,NA,NA,NA,NA,NA,NA,NA,40,4,40,4,44
"Indian Institute of Science Education & Research (IISER), Thiruvananthapuram (Id: U-0254)",0,0,NA,NA,NA,NA,NA,NA,NA,NA,NA,NA,NA,NA,0,0,0,0,0
"Indian Institute of Space Science and Technology, Thiruvananthapuram (Id: U-0255)",0,0,NA,NA,0,0,116,10,NA,NA,NA,NA,NA,NA,NA,NA,116,10,126
"INDIAN INSTITUTE OF TEACHER EDUCATION, GANDHINAGAR (Id: U-0664)",NA,NA,NA,NA,NA,NA,NA,NA,NA,NA,NA,NA,NA,NA,64,26,64,26,90
"Indian Institute of Technology, Bhubaneshwar (Id: U-0355)",0,0,NA,NA,NA,NA,0,0,NA,NA,NA,NA,NA,NA,NA,NA,0,0,0
"Indian Institute of Technology, Chennai (Id: U-0456)",132,42,NA,NA,608,88,227,22,NA,NA,NA,NA,NA,NA,208,22,1175,174,1349
"Indian Institute of Technology, Delhi (Id: U-0100)",124,42,NA,NA,625,120,364,36,38,1,NA,NA,NA,NA,63,11,1214,210,1424
"Indian Institute of Technology, Gandhinagar (Id: U-0139)",0,0,NA,NA,0,0,0,0,NA,NA,NA,NA,NA,NA,NA,NA,0,0,0
"Indian Institute of Technology, Guwahati (Id: U-0053)",43,17,NA,NA,293,44,323,17,NA,NA,NA,NA,NA,NA,0,0,659,78,737
"Indian Institute of Technology, Hyderabad (Id: U-0013)",0,0,NA,NA,27,3,0,0,NA,NA,NA,NA,NA,NA,NA,NA,27,3,30
"Indian Institute of Technology, Indore (Id: U-0273)",0,0,NA,NA,NA,NA,0,0,NA,NA,NA,NA,NA,NA,NA,NA,0,0,0
"Indian Institute of Technology, Jodhpur (Id: U-0395)",0,0,NA,NA,0,0,103,0,NA,NA,NA,NA,NA,NA,NA,NA,103,0,103
"Indian Institute of Technology, Kaharagpur (Id: U-0573)",193,43,0,0,880,133,355,44,NA,NA,NA,NA,NA,NA,NA,NA,1428,220,1648
"Indian Institute of Technology, Kanpur (Id: U-0517)",84,19,NA,NA,330,69,300,13,NA,NA,NA,NA,NA,NA,194,10,908,111,1019
"Indian Institute of Technology, Mandi (Id: U-0184)",0,0,NA,NA,0,0,0,0,NA,NA,NA,NA,NA,NA,NA,NA,0,0,0
"Indian Institute of Technology, Mumbai (Id: U-0306)",170,0,8,0,722,0,371,0,NA,NA,NA,NA,NA,NA,18,0,1289,0,1289
"Indian Institute of Technology, Patna (Id: U-0064)",0,0,NA,NA,NA,NA,0,0,NA,NA,NA,NA,NA,NA,NA,NA,0,0,0
"Indian Institute of Technology, Roorkee (Id: U-0560)",74,35,NA,NA,453,0,532,0,NA,NA,NA,NA,NA,NA,88,6,1147,41,1188
"Indian Institute of Technology, Ropar (Id: U-0378)",0,0,NA,NA,NA,NA,0,0,NA,NA,NA,NA,NA,NA,NA,NA,0,0,0
"Indian Law Institute, Bhagwandas Road, New Delhi (Id: U-0103)",0,2,NA,NA,21,18,NA,NA,113,72,NA,NA,NA,NA,NA,NA,134,92,226
Indian Maritime University (Id: U-0457),NA,NA,NA,NA,72,11,0,0,NA,NA,0,0,NA,NA,NA,NA,72,11,83
"Indian School of Mines, Dhanbad (Id: U-0205)",11,8,5,4,257,91,339,21,NA,NA,NA,NA,NA,NA,69,2,681,126,807
"Indian Statistical Institute, Kolkata (Id: U-0574)",8,3,NA,NA,55,22,33,8,4,0,NA,NA,NA,NA,NA,NA,100,33,133
"Indian Veterinary Research Institute, Izatnagar (Id: U-0518)",53,13,NA,NA,105,19,NA,NA,NA,NA,NA,NA,NA,NA,NA,NA,158,32,190
"Indira Gandhi Institute of Development Research, Mumbai (Id: U-0307)",3,1,2,4,10,15,NA,NA,NA,NA,NA,NA,NA,NA,NA,NA,15,20,35
"Indira Gandhi Institute of Medical Sciences, Patna (Id: U-0065)",NA,NA,NA,NA,7,1,24,38,10,46,29,48,NA,NA,NA,NA,70,133,203
"Indira Gandhi Krishi Vishwavidyalaya, Raipur (Id: U-0087)",6,2,NA,NA,105,74,769,259,NA,NA,NA,NA,NA,NA,NA,NA,880,335,1215
Indira Gandhi National Open University (Id: U-0104),0,0,4,0,12131,0,19532,0,12780,0,7925,0,599,0,NA,NA,52971,0,52971
"Indira Gandhi National Tribal University, Amarkantak (Id: U-0290)",NA,NA,NA,NA,NA,NA,90,16,NA,NA,NA,NA,NA,NA,NA,NA,90,16,106
"Indira Kala Sangit Vishwavidyalaya, Khairagarh (Id: U-0088)",5,13,NA,NA,85,81,344,287,2,0,579,1099,0,0,NA,NA,1015,1480,2495
"Indraprastha Institute of Information Technology, Dwarka (Id: U-0105)",0,0,NA,NA,7,15,44,7,NA,NA,NA,NA,NA,NA,NA,NA,51,22,73
"Indus International University, Bathu, Una (Id: U-0185)",NA,NA,NA,NA,0,0,0,0,NA,NA,NA,NA,NA,NA,NA,NA,0,0,0
"Institute of Advanced Studies in Education, Churu (Id: U-0396)",5,5,4,0,22,21,263,118,NA,NA,0,0,NA,NA,NA,NA,294,144,438
"Institute of Chartered Financial Analysts of India University, Aizawl (Id: U-0346)",NA,NA,NA,NA,5,1,50,17,NA,NA,NA,NA,NA,NA,NA,NA,55,18,73
"Institute of Chatertered Financial Analysts of India, Dehradun (Id: U-0561)",6,1,NA,NA,464,416,636,164,NA,NA,NA,NA,NA,NA,64,29,1170,610,1780
"Institute of Chemical Technology, Mumbai (Id: U-0308)",46,8,NA,NA,102,78,147,75,0,0,NA,NA,NA,NA,NA,NA,295,161,456
"Institute of Liver and Bilary Sciences, New Delhi (Id: U-0106)",0,0,NA,NA,NA,NA,NA,NA,NA,NA,NA,NA,NA,NA,NA,NA,0,0,0
"Integral University, Lucknow (Id: U-0519)",12,3,NA,NA,220,153,884,295,NA,NA,62,0,NA,NA,NA,NA,1178,451,1629
"International Institute for Population Sciences, Mumbai (Id: U-0309)",10,2,10,4,38,14,NA,NA,NA,NA,NA,NA,NA,NA,NA,NA,58,20,78
"International Institute of Information Technology, Bangalore (Id: U-0221)",2,0,NA,NA,51,95,NA,NA,NA,NA,NA,NA,NA,NA,0,0,53,95,148
"International Institute of Information Technology, Hyderabad (Id: U-0014)",17,2,0,0,75,29,104,6,NA,NA,NA,NA,NA,NA,27,4,223,41,264
"Invertis University, Bareily (Id: U-0520)",NA,NA,NA,NA,NA,NA,0,0,NA,NA,NA,NA,NA,NA,NA,NA,0,0,0
"Islamic University of Science & Technology, Pulwama (Id: U-0194)",NA,NA,NA,NA,296,168,356,187,NA,NA,NA,NA,NA,NA,NA,NA,652,355,1007
"ITM University, Gurgaon (Id: U-0163)",0,0,NA,NA,30,72,439,139,NA,NA,NA,NA,NA,NA,0,0,469,211,680
"ITM UNIVERSITY, GWALIOR (Id: U-0648)",NA,NA,NA,NA,0,0,44,49,0,0,0,0,NA,NA,0,0,44,49,93
"Jadavpur University, Kolkata (Id: U-0575)",0,4,39,69,733,557,944,592,13,16,NA,NA,NA,NA,NA,NA,1729,1238,2967
"Jagadguru Ramanandacharya Rajasthan Sanskrit University, Jaipur (Id: U-0397)",36,5,0,0,333,145,2511,989,63,4,NA,NA,11,43,64,35,3018,1221,4239
Jagadguru Rambhadracharya Handicapped University (Id: U-0521),1,0,NA,NA,22,19,150,42,2,1,0,0,NA,NA,NA,NA,175,62,237
"Jagadguru Sri Shivarathreeswara University, Mysore (Id: U-0222)",0,0,NA,NA,99,72,110,120,10,13,NA,NA,NA,NA,NA,NA,219,205,424
"Jagannath University, Jaipur (Id: U-0398)",0,0,NA,NA,19,0,18,1,NA,NA,NA,NA,NA,NA,0,0,37,1,38
"Jai Narain Vyas University, Jodhpur (Id: U-0399)",38,41,78,72,1073,1292,5564,7117,187,46,NA,NA,0,99,31,13,6971,8680,15651
"Jain university,Bangalore (Id: U-0223)",0,0,0,15,52,97,0,0,NA,NA,NA,NA,NA,NA,NA,NA,52,112,164
"Jain Vishva Bharati Institute, Nagaur (Id: U-0400)",12,19,0,0,336,477,290,504,0,0,0,0,21,6,NA,NA,659,1006,1665
"Jai Prakash Vishwavidyalaya, Chapra (Id: U-0066)",NA,NA,NA,NA,773,758,10768,8273,NA,NA,NA,NA,NA,NA,NA,NA,11541,9031,20572
"Jaipur National University, Jaipur (Id: U-0401)",23,11,0,0,222,112,613,228,10,6,35,28,NA,NA,NA,NA,903,385,1288
Jamia Hamdard (Id: U-0107),32,15,0,2,486,268,1500,429,87,83,64,33,2,0,NA,NA,2171,830,3001
Jamia Millia Islamia University (Id: U-0108),116,84,19,33,630,530,1157,472,99,81,508,134,152,66,24,29,2705,1429,4134
"Jawaharlal Institute of Post Graduate Medical Education & Research, Puducherry (Id: U-0368)",0,0,NA,NA,44,17,59,89,NA,NA,NA,NA,NA,NA,NA,NA,103,106,209
"Jawaharlal Nehru Centre for Advanced Scientific Research, Banaglore (Id: U-0224)",12,6,NA,NA,14,3,NA,NA,1,0,17,0,NA,NA,7,2,51,11,62
"Jawaharlal Nehru Krishi Vishwavidyalaya, Jabalpur (Id: U-0274)",4,1,NA,NA,225,97,471,202,NA,NA,NA,NA,NA,NA,NA,NA,700,300,1000
"Jawaharlal Nehru Technological University, Anantapur (Id: U-0016)",NA,NA,NA,NA,5166,2879,14601,10447,NA,NA,100,24,NA,NA,NA,NA,19867,13350,33217
"Jawaharlal Nehru Technological University, Hyderabad (Id: U-0017)",3,2,NA,NA,8534,5503,30945,21847,NA,NA,37,35,NA,NA,0,0,39519,27387,66906
"Jawaharlal Nehru Technological University, Kakinada (Id: U-0015)",NA,NA,NA,NA,7943,4573,24213,17364,NA,NA,90,3,NA,NA,NA,NA,32246,21940,54186
Jawahar Lal Nehru University (Id: U-0109),246,112,372,301,338,434,140,70,NA,NA,20,1,27,12,NA,NA,1143,930,2073
Jawarharlal Nehru Architecture and Fine Art University Hyderabad (Id: U-0018),NA,NA,NA,NA,100,25,300,133,NA,NA,NA,NA,NA,NA,NA,NA,400,158,558
"Jaypee Institute of Information Technology, Noida (Id: U-0522)",1,2,NA,NA,113,146,315,185,NA,NA,NA,NA,NA,NA,5,24,434,357,791
"Jaypee University of Engeenering & Technology, Guna (Id: U-0275)",0,2,NA,NA,0,1,326,40,NA,NA,6,0,NA,NA,NA,NA,332,43,375
"Jaypee University of Information Technology, Waknaghat, Solan (Id: U-0186)",3,2,NA,NA,38,26,329,87,NA,NA,NA,NA,NA,NA,NA,NA,370,115,485
"Jiwaji University, Gwalior (Id: U-0276)",13,6,33,20,2173,3223,21615,18207,180,123,861,615,34,84,64,22,24973,22300,47273
JK LAKSHMIPAT UNIVERSITY (Id: U-0657),0,0,NA,NA,0,0,0,0,NA,NA,NA,NA,NA,NA,NA,NA,0,0,0
Junagadh Agricultural University (Id: U-0140),48,10,NA,NA,268,46,229,42,NA,NA,178,56,NA,NA,NA,NA,723,154,877
"Kadi Sarva Vishwavidyalaya, Gandihnagar (Id: U-0141)",0,0,0,0,458,256,1403,1593,0,0,NA,NA,NA,NA,0,0,1861,1849,3710
"Kakatiya University, Warangal (Id: U-0019)",135,33,21,17,3533,5411,28214,34147,7,42,31,83,NA,NA,13,23,31954,39756,71710
"Kalasalingam Academy of Research and Higher Education, Srivilliputhrur (Id: U-0458)",7,2,NA,NA,172,199,1104,714,NA,NA,NA,NA,NA,NA,NA,NA,1283,915,2198
"Kalinga Institute of Industrial Technology, Bhubaneswar (Id: U-0356)",NA,NA,NA,NA,506,309,677,250,NA,NA,NA,NA,NA,NA,NA,NA,1183,559,1742
"Kalyani University, Kalyani (Id: U-0576)",NA,NA,5,10,2209,5036,20079,18166,99,50,99,9,4,0,NA,NA,22495,23271,45766
"Kameshwar Singh Darbhanga Sanskrit Vishwavidyalaya, Darbhanga (Id: U-0067)",77,7,NA,NA,1021,2008,2382,1981,NA,NA,NA,NA,NA,NA,NA,NA,3480,3996,7476
"Kannada University, Hampi, Kamalapura (Id: U-0226)",75,41,59,56,730,910,680,338,NA,NA,723,389,NA,NA,6,3,2273,1737,4010
"Kannur University, Kannur (Id: U-0256)",9,2,0,0,671,1183,2174,5354,0,0,NA,NA,4,39,NA,NA,2858,6578,9436
Karnataka Sanskrit University (Id: U-0625),NA,NA,NA,NA,623,48,567,180,NA,NA,NA,NA,14,0,NA,NA,1204,228,1432
Karnataka State Dr. Gangubai Hangal Music And Performing Arts University (Id: U-0624),0,0,0,0,7,13,3,4,NA,NA,0,0,NA,NA,NA,NA,10,17,27
"Karnataka State Law University, Hubli (Id: U-0227)",0,0,NA,NA,39,36,1939,1020,7,7,NA,NA,NA,NA,511,232,2496,1295,3791
"Karnataka State Open University, Mysore (Id: U-0228)",NA,NA,NA,NA,5286,7338,4317,5166,583,728,169,163,67,72,NA,NA,10422,13467,23889
"Karnataka State Women University, Bijapur (Id: U-0229)",0,40,NA,NA,0,640,49,11795,NA,NA,0,75,0,85,NA,NA,49,12635,12684
"Karnataka University, Dharwad (Id: U-0230)",293,177,17,13,1239,1018,11824,11254,148,74,NA,NA,57,33,17,53,13595,12622,26217
"Karnataka Vetrinary, Animal & Fisheries Science University, Nandinagar (Id: U-0231)",14,0,NA,NA,42,25,434,119,NA,NA,NA,NA,NA,NA,NA,NA,490,144,634
"Karpagam Academy of Higher Education, Coimbatore (Id: U-0459)",271,201,102,226,811,353,1868,906,NA,NA,NA,NA,NA,NA,NA,NA,3052,1686,4738
"Karunya Institute of Technology and Sciences, Coimbatore (Id: U-0460)",1,4,7,17,380,437,640,476,5,0,NA,NA,NA,NA,0,0,1033,934,1967
"Kavi Kulguru Kalidas Sanskrit Vishwavidyalaya, Ramtek (Id: U-0310)",0,0,0,0,20,61,207,274,8,13,94,95,NA,NA,NA,NA,329,443,772
"Kerala Agricultural University, Thrissur (Id: U-0257)",0,6,NA,NA,80,150,108,332,0,0,NA,NA,NA,NA,NA,NA,188,488,676
"Kerala Kalamandalam, Thrissur (Id: U-0258)",NA,NA,NA,NA,5,0,10,24,NA,NA,NA,NA,NA,NA,NA,NA,15,24,39
"Kerala University of Fisheries & Ocean Studies, Kochi (Id: U-0259)",0,0,NA,NA,1,2,11,16,NA,NA,NA,NA,NA,NA,NA,NA,12,18,30
KERALA UNIVERSITY OF HEALTH AND ALLIED SCIENCES (Id: U-0630),0,0,NA,NA,36,156,390,2118,NA,NA,1,8,NA,NA,NA,NA,427,2282,2709
"Kerala University, Thiruvananthapuram (Id: U-0260)",120,163,119,252,1303,3985,5882,15771,NA,NA,NA,NA,NA,NA,22,29,7446,20200,27646
"Kerala Veterinary & Animal Science University, Wayanad (Id: U-0261)",0,3,NA,NA,6,24,55,60,NA,NA,0,0,NA,NA,NA,NA,61,87,148
KING GEORGE MEDICAL UNIVERSITY (Id: U-0523),0,0,NA,NA,0,0,2,0,NA,NA,0,171,NA,NA,NA,NA,2,171,173
"K.L.E. Academy of Higher Education and Research, Belgaum (Id: U-0225)",13,5,NA,NA,232,130,357,599,30,20,1,7,10,15,NA,NA,643,776,1419
"Kolhan University, West Singhbhum (Id: U-0206)",0,0,NA,NA,501,1027,1185,2118,NA,NA,NA,NA,NA,NA,NA,NA,1686,3145,4831
"Koneru Lakshmaiah Education Foundation,Guntur (Id: U-0020)",0,0,NA,NA,208,100,335,136,NA,NA,NA,NA,NA,NA,NA,NA,543,236,779
"Kota University, Kota (Id: U-0387)",0,0,6,10,1151,1354,18070,15357,2,0,30,17,123,115,74,140,19456,16993,36449
"Krantiguru Shyamji Krishna Verma Kachchh University, Kachchh (Id: U-0142)",0,0,0,0,376,230,3756,4372,36,8,13,60,40,5,38,25,4259,4700,8959
"Krishna Institute of Medical Sciences Deemed University, Karad (Id: U-0311)",0,0,NA,NA,141,192,289,1014,11,7,NA,NA,18,114,NA,NA,459,1327,1786
"Krishna Kanta Hanidique State Open University, Guwahati (Id: U-0054)",0,0,NA,NA,5,3,1654,1064,13,14,22,32,NA,NA,NA,NA,1694,1113,2807
"Krishna University, Machhlipattanam (Id: U-0021)",0,0,NA,NA,1097,1143,6108,6817,NA,NA,NA,NA,10,1,NA,NA,7215,7961,15176
"Kumaun University, Nainital (Id: U-0562)",20,25,NA,NA,2357,4343,35120,56594,19,41,81,81,NA,NA,NA,NA,37597,61084,98681
"Kurukshetra University, Kurukshetra (Id: U-0164)",119,127,112,113,3157,5063,12081,24238,100,216,459,924,349,370,120,40,16497,31091,47588
"Kushabhau Thakre Patrakarita Avam Jansanchar Vishwavidyalaya, Raipur (Id: U-0089)",0,0,NA,NA,41,29,150,72,76,15,NA,NA,NA,NA,NA,NA,267,116,383
"Kuvempu University, Shankaraghatta, Shimoga (Id: U-0232)",13,12,12,5,7807,6239,9943,11970,438,250,17,6,NA,NA,41,82,18271,18564,36835
"Lakshmibai National Institute of Physical Education, Gwalior (Id: U-0277)",14,8,0,0,39,19,90,35,34,6,41,0,NA,NA,NA,NA,218,68,286
Lala lajpat Rai University of Veterinary and Animal Sciences (Id: U-0165),3,1,NA,NA,54,16,38,6,NA,NA,60,0,NA,NA,NA,NA,155,23,178
"Lalit Narayan Mithila University, Darbhanga (Id: U-0068)",NA,NA,NA,NA,2873,1462,32028,22900,NA,NA,26,14,9,5,NA,NA,34936,24381,59317
"Lingaya's University, Faridabad (Id: U-0166)",0,0,NA,NA,67,54,92,94,NA,NA,NA,NA,NA,NA,NA,NA,159,148,307
"LNM Institute of Information Technology, Jaipur (Id: U-0405)",0,0,NA,NA,0,0,86,12,NA,NA,NA,NA,NA,NA,0,0,86,12,98
"Lovely Professional University, Jullunder (Id: U-0379)",0,0,40,52,853,792,2247,1496,6,6,345,54,0,0,NA,NA,3491,2400,5891
"Madras University, Chennai (Id: U-0462)",41,67,117,312,5146,7094,12357,24793,0,14,0,60,4,33,17,20,17682,32393,50075
"Madurai Kamraj University, Madurai (Id: U-0463)",26,36,273,659,5639,7750,13414,17490,221,171,124,1105,1105,1720,NA,NA,20802,28931,49733
"Magadh University, Bodh Gaya (Id: U-0069)",247,115,NA,NA,798,419,14951,10906,NA,NA,NA,NA,NA,NA,NA,NA,15996,11440,27436
Mahamaya Technical University (Id: U-0526),NA,NA,NA,NA,3701,1253,10282,2216,15,11,65,4,0,0,NA,NA,14063,3484,17547
"Maharaja Ganga Singh University, Bikaner (Id: U-0406)",39,67,103,108,1069,1999,20859,23216,35,13,94,66,81,81,NA,NA,22280,25550,47830
Maharaja Krishnakumarsinhji Bhavnagar University (Id: U-0124),1,2,NA,NA,2011,429,8026,6441,20,52,180,0,NA,NA,NA,NA,10238,6924,17162
"Maharaja Sayajirao University of Baroda, Vadodara (Id: U-0143)",1,0,NA,NA,607,1298,853,1173,134,239,252,86,0,0,NA,NA,1847,2796,4643
"Maharana Pratap University of Agriculture & Technology, Udaipur (Id: U-0407)",29,24,NA,NA,87,71,492,262,NA,NA,NA,NA,NA,NA,NA,NA,608,357,965
"Maharashi Markandeshwar University, Solan (Id: U-0187)",NA,NA,NA,NA,22,34,22,5,NA,NA,NA,NA,NA,NA,NA,NA,44,39,83
"MAHARASHI MARKENDESHWAR UNIVERSITY, SADOPUR-AMBALA (Id: U-0641)",NA,NA,0,0,0,0,0,0,NA,NA,NA,NA,NA,NA,NA,NA,0,0,0
"Maharashtra Animal & Fishery Sciences University, Nagpur (Id: U-0312)",2,1,NA,NA,48,18,228,181,NA,NA,NA,NA,NA,NA,NA,NA,278,200,478
"Maharashtra University of Health Sciences, Nashik (Id: U-0313)",0,0,NA,NA,518,578,2427,4254,35,49,34,229,43,10,NA,NA,3057,5120,8177
"Maharishi Dayanand Saraswati University, Ajmer (Id: U-0408)",16,27,2,3,1706,1876,26824,14752,26,37,0,100,65,26,166,322,28805,17143,45948
"Maharishi Mahesh Yogi Vedic Vishwavidyalaya, Jabalpur (Id: U-0280)",NA,NA,NA,NA,35,7,448,253,4608,2148,6422,2601,NA,NA,NA,NA,11513,5009,16522
"Maharishi Markandeshwar University, Mullana-Ambala (Id: U-0168)",17,8,2,7,193,204,1600,695,9,3,84,13,0,0,NA,NA,1905,930,2835
"Maharishi Panini Sanskrit Vishwavidyalaya, Ujjain (Id: U-0281)",0,0,0,0,106,31,285,44,NA,NA,NA,NA,NA,NA,NA,NA,391,75,466
"Maharishi University of Management and Technology, Bilaspur (Id: U-0090)",NA,NA,NA,NA,NA,NA,NA,NA,141,81,173,121,78,48,NA,NA,392,250,642
"Maharshi Dayanand University, Rohtak (Id: U-0167)",0,0,25,30,2275,4669,21674,35056,15,79,329,946,96,427,191,174,24605,41381,65986
"Mahatama Gandhi Antarrashtriya Hindi Vishwavidyalaya, Wardha (Id: U-0314)",1,0,53,23,255,188,2,0,112,49,5,5,4,1,NA,NA,432,266,698
"Mahatama Gandhi Gramodaya Vishwavidyalaya, Chitrakoot, Satna (Id: U-0282)",9,5,25,2,2738,39,1466,84,127,0,285,0,NA,NA,NA,NA,4650,130,4780
"Mahatama Jyotiba Phule Rohikhand University, Bareilly (Id: U-0525)",34,29,17,8,3941,8705,47510,53699,78,46,50,2,22,20,293,85,51945,62594,114539
"Mahatma Gandhi Kashi Vidyapeeth, Varanasi (Id: U-0527)",0,0,NA,NA,2150,2291,7231,10222,62,34,NA,NA,NA,NA,NA,NA,9443,12547,21990
"Mahatma Gandhi University, Kottayam (Id: U-0262)",26,54,23,31,2034,4436,10155,17911,3,25,0,0,74,54,93,55,12408,22566,34974
"Mahatma Gandhi University, Tura, West Garo Hills (Id: U-0339)",NA,NA,NA,NA,0,0,0,0,0,0,0,0,0,0,NA,NA,0,0,0
"Mahatma Jyoti Rao Phoole University, Jaipur (Id: U-0409)",35,8,NA,NA,124,142,913,731,NA,NA,NA,NA,NA,NA,34,10,1106,891,1997
"Mahatma Phule Krishi Vidyapeeth, Rahuri (Id: U-0315)",0,0,NA,NA,8,5,43,69,NA,NA,NA,NA,NA,NA,NA,NA,51,74,125
"Makhanlal Chaturvedi National University of Journalism and Communication, Bhopal (Id: U-0283)",NA,NA,NA,NA,874,1465,6709,3159,12218,10812,5597,2395,NA,NA,NA,NA,25398,17831,43229
"Malviya National Institute of Technology, Jaipur (Id: U-0410)",3,6,NA,NA,150,71,391,59,NA,NA,NA,NA,NA,NA,NA,NA,544,136,680
"Manav Bharti University, Sultanpur, Solan (Id: U-0188)",NA,NA,NA,NA,117,34,183,40,NA,NA,183,23,NA,NA,NA,NA,483,97,580
"Manav Rachna International University, Faridabad (Id: U-0169)",0,0,NA,NA,217,164,0,0,NA,NA,0,0,NA,NA,NA,NA,217,164,381
"Mangalayatan University, Aligarh (Id: U-0528)",0,0,4,10,145,42,1548,323,NA,NA,12,5,NA,NA,157,33,1866,413,2279
"Mangalore University, Mangalore (Id: U-0233)",37,17,NA,NA,1876,2346,6717,10747,109,124,61,56,47,71,5,50,8852,13411,22263
"Manipal Academy of Higher Education, Manipal (Id: U-0234)",4,3,3,10,940,639,1671,1020,1,8,9,9,64,57,NA,NA,2692,1746,4438
"Manipur University, Imphal (Id: U-0337)",50,37,0,5,401,583,9594,9728,1,5,79,31,49,88,0,0,10174,10477,20651
"Manonmaniam Sundaranar University, Tirunelveli (Id: U-0464)",31,28,114,668,1815,3757,5355,11333,31,7,0,0,6,74,19,23,7371,15890,23261
"Marathwada Agricultural University, Parbhani (Id: U-0316)",12,10,NA,NA,309,147,404,176,NA,NA,NA,NA,NA,NA,NA,NA,725,333,1058
"Martin Luther Christian University, Shillong (Id: U-0340)",1,2,NA,NA,55,88,88,99,10,13,NA,NA,NA,NA,NA,NA,154,202,356
"MATS University, Raipur (Id: U-0091)",1,0,NA,NA,45,37,109,140,11,8,NA,NA,NA,NA,NA,NA,166,185,351
"Maulana Azad National Institute of Technology, Bhopal (Id: U-0284)",94,0,NA,NA,223,68,532,116,NA,NA,NA,NA,NA,NA,NA,NA,849,184,1033
"Maulana Azad National Urdu University, Hyderabad (Id: U-0023)",2,1,14,25,2354,1894,3830,3320,NA,NA,456,122,35,18,NA,NA,6691,5380,12071
"Maulana Mazharul Haque Arabic & Persian University, Patna (Id: U-0070)",NA,NA,NA,NA,134,38,7788,3667,NA,NA,264,171,13,2,NA,NA,8199,3878,12077
"Meenakshri Academy of Higher Education and Research, Chennai (Id: U-0465)",2,8,NA,NA,29,41,517,457,NA,NA,NA,NA,NA,NA,NA,NA,548,506,1054
"MGM Institute of Health Sciences, Navi Mumbai (Id: U-0317)",0,0,NA,NA,31,65,192,320,6,2,NA,NA,NA,NA,NA,NA,229,387,616
"M.G.R. Educational and Research Institute, Chennai (Id: U-0461)",NA,NA,NA,NA,285,83,2771,276,NA,NA,NA,NA,NA,NA,NA,NA,3056,359,3415
"Mizoram University, Aizwal (Id: U-0345)",24,11,9,10,239,151,1185,1191,NA,NA,NA,NA,NA,NA,NA,NA,1457,1363,2820
"Mody Institute of Technology & Science, Sikar (Id: U-0412)",NA,NA,NA,NA,0,207,0,463,NA,NA,NA,NA,NA,NA,NA,NA,0,670,670
"Mohan Lal Sukhadia University, Uaipur (Id: U-0413)",0,0,2,4,1336,1418,21768,17849,38,46,6,26,0,50,NA,NA,23150,19393,42543
MONAD UNIVERSITY (Id: U-0644),0,0,NA,NA,143,25,375,34,45,8,119,0,0,0,NA,NA,682,67,749
"Mother Teresa Women's University, Kodaikanal (Id: U-0466)",0,93,0,116,0,514,0,2510,0,37,0,34,0,823,NA,NA,0,4127,4127
"Motilal Nehru Institute of Technology, Allahabad (Id: U-0530)",15,0,NA,NA,267,72,458,52,NA,NA,NA,NA,NA,NA,NA,NA,740,124,864
"M.P. Bhoj (Open) University, Bhopal (Id: U-0278)",NA,NA,NA,NA,3123,1184,4515,7135,NA,NA,NA,NA,NA,NA,NA,NA,7638,8319,15957
Mumbai University Mumbai (Id: U-0318),109,54,30,33,4789,5082,65483,57715,421,433,203,382,270,349,0,0,71305,64048,135353
"Mysore University, Mysore (Id: U-0235)",207,70,66,41,1000,1570,16000,20862,19,7,11,12,169,73,26,7,17498,22642,40140
"Nagaland University, Kohima (Id: U-0347)",0,0,0,0,405,0,2279,2592,NA,NA,NA,NA,NA,NA,NA,NA,2684,2592,5276
"Nalanda Open University, Patna (Id: U-0071)",NA,NA,NA,NA,3875,2422,1935,920,90,33,NA,NA,NA,NA,NA,NA,5900,3375,9275
"Narsee Monjee Institute of Management Studies, Mumbai (Id: U-0319)",12,10,NA,NA,1054,420,468,194,196,183,44,26,NA,NA,7,8,1781,841,2622
National Academy of Legal Studies & Research (NALSR) University Hyderabad (Id: U-0024),2,0,0,0,31,23,NA,NA,438,183,NA,NA,NA,NA,32,41,503,247,750
"National Brain Research Centre, Gurgaon (Id: U-0170)",4,5,NA,NA,NA,NA,NA,NA,NA,NA,NA,NA,NA,NA,0,0,4,5,9
"National Dairy Research Institute, Karnal (Id: U-0171)",19,10,NA,NA,81,35,29,2,NA,NA,NA,NA,NA,NA,NA,NA,129,47,176
"National Institute of Fashion Technology, Hauz Khas (Id: U-0110)",NA,NA,NA,NA,65,53,131,298,NA,NA,NA,NA,NA,NA,NA,NA,196,351,547
"National Institute of Mental Health & Neuro Sciences, Bangalore (Id: U-0236)",8,12,14,20,32,9,3,25,4,2,9,25,NA,NA,NA,NA,70,93,163
"National Institute of Pharmaceutical, Educational and Research, Mohali (Id: U-0380)",41,6,NA,NA,457,141,NA,NA,NA,NA,NA,NA,NA,NA,NA,NA,498,147,645
"National Institute of Technology, Agartala (Id: U-0493)",2,2,NA,NA,72,35,290,63,NA,NA,NA,NA,NA,NA,NA,NA,364,100,464
National Institute of Technology Arunachal Pradesh (Id: U-0615),NA,NA,NA,NA,NA,NA,187,46,NA,NA,NA,NA,NA,NA,NA,NA,187,46,233
"National Institute of Technology, Calicut (Id: U-0263)",20,7,NA,NA,317,76,458,87,NA,NA,NA,NA,NA,NA,NA,NA,795,170,965
National Institute of Technology Delhi (Id: U-0622),NA,NA,NA,NA,NA,NA,0,0,NA,NA,NA,NA,NA,NA,NA,NA,0,0,0
"National Institute of Technology, Durgapur (Id: U-0577)",NA,NA,NA,NA,239,91,1894,342,NA,NA,NA,NA,NA,NA,NA,NA,2133,433,2566
National Institute of Technology Goa (Id: U-0620),NA,NA,NA,NA,NA,NA,0,0,NA,NA,NA,NA,NA,NA,NA,NA,0,0,0
"National Institute of Technology, Hamirpur (Id: U-0189)",0,0,NA,NA,131,17,246,51,NA,NA,NA,NA,NA,NA,NA,NA,377,68,445
"National Institute of Technology, Jamshedpur (Id: U-0207)",NA,NA,NA,NA,47,21,416,40,NA,NA,NA,NA,NA,NA,NA,NA,463,61,524
"National Institute of Technology, Karnataka (Id: U-0237)",32,5,NA,NA,421,157,432,73,NA,NA,NA,NA,NA,NA,NA,NA,885,235,1120
"National Institute of Technology, Kurukshetra (Id: U-0172)",11,2,NA,NA,243,81,363,30,NA,NA,NA,NA,NA,NA,NA,NA,617,113,730
National Institute of Technology Manipur (Id: U-0613),NA,NA,NA,NA,NA,NA,0,0,NA,NA,NA,NA,NA,NA,NA,NA,0,0,0
National Institute of Technology Meghalaya (Id: U-0619),NA,NA,NA,NA,NA,NA,0,0,NA,NA,NA,NA,NA,NA,NA,NA,0,0,0
National Institute of Technology Mizoram (Id: U-0617),NA,NA,NA,NA,NA,NA,0,0,NA,NA,NA,NA,NA,NA,NA,NA,0,0,0
National Institute of Technology Nagaland (Id: U-0618),NA,NA,NA,NA,NA,NA,0,0,NA,NA,NA,NA,NA,NA,NA,NA,0,0,0
"National Institute of Technology, Patna (Id: U-0072)",0,0,NA,NA,32,3,276,68,NA,NA,NA,NA,NA,NA,NA,NA,308,71,379
National Institute of Technology Puducherry (Id: U-0621),NA,NA,NA,NA,NA,NA,0,0,NA,NA,NA,NA,NA,NA,NA,NA,0,0,0
"National Institute of Technology, Raipur (Id: U-0092)",NA,NA,NA,NA,16,14,475,130,NA,NA,NA,NA,NA,NA,NA,NA,491,144,635
"National Institute of Technology, Rourkela (Id: U-0357)",9,4,NA,NA,159,37,324,33,NA,NA,NA,NA,NA,NA,NA,NA,492,74,566
National Institute of Technology Sikkim (Id: U-0614),NA,NA,NA,NA,NA,NA,0,0,NA,NA,NA,NA,NA,NA,NA,NA,0,0,0
"National Institute of Technology, Silchar (Id: U-0055)",3,3,NA,NA,47,9,248,39,NA,NA,NA,NA,NA,NA,NA,NA,298,51,349
"National Institute of Technology, Srinagar (Id: U-0197)",1,0,0,0,29,5,313,37,NA,NA,NA,NA,NA,NA,NA,NA,343,42,385
"National Institute of Technology, Tiruchirapalli (Id: U-0467)",NA,NA,NA,NA,495,124,457,85,NA,NA,NA,NA,NA,NA,NA,NA,952,209,1161
National Institute of Technology Uttarakhand (Id: U-0616),NA,NA,NA,NA,NA,NA,0,0,NA,NA,NA,NA,NA,NA,NA,NA,0,0,0
"National Institute of Technology, Warangal (Id: U-0025)",NA,NA,NA,NA,365,97,610,155,NA,NA,NA,NA,NA,NA,NA,NA,975,252,1227
"National Law Institute University, Bhopal (Id: U-0285)",0,0,NA,NA,5,5,37,29,12,6,NA,NA,NA,NA,NA,NA,54,40,94
"National Law School of India University, Bangalore (Id: U-0238)",6,1,1,2,40,77,39,41,27,117,NA,NA,NA,NA,NA,NA,113,238,351
"National Law University, Cuttuck (Id: U-0358)",NA,NA,NA,NA,1,1,NA,NA,NA,NA,NA,NA,NA,NA,0,0,1,1,2
"National Law University, Delhi (Id: U-0111)",NA,NA,NA,NA,0,0,NA,NA,0,0,NA,NA,NA,NA,0,0,0,0,0
"National Law University, Jodhpur (Id: U-0414)",0,2,NA,NA,260,161,54,34,NA,NA,NA,NA,NA,NA,NA,NA,314,197,511
"National Museum Institute of Hisotry of Art Conservation and Musicology, Janpath,N.D. (Id: U-0112)",2,3,NA,NA,4,23,NA,NA,NA,NA,NA,NA,NA,NA,NA,NA,6,26,32
"National University of Advanced Legal Studies, Kochi (Id: U-0264)",0,0,NA,NA,3,3,26,32,6,3,NA,NA,NA,NA,NA,NA,35,38,73
"National University of Education, Planning & Administration, New Delhi (Id: U-0114)",0,0,2,8,NA,NA,NA,NA,NA,NA,NA,NA,NA,NA,NA,NA,2,8,10
"National University of Study & Research in Law, Ranchi (Id: U-0600)",NA,NA,NA,NA,NA,NA,NA,NA,NA,NA,NA,NA,NA,NA,0,0,0,0,0
"Nava Nalanda Mahavihara, Nalanda (Id: U-0073)",0,0,NA,NA,49,20,22,5,NA,NA,0,0,4,0,NA,NA,75,25,100
Navrachana University (Id: U-0144),NA,NA,NA,NA,0,2,183,205,NA,NA,NA,NA,NA,NA,NA,NA,183,207,390
Navsari Agricultural University (Id: U-0145),16,1,NA,NA,98,12,101,31,NA,NA,NA,NA,NA,NA,NA,NA,215,44,259
"Nehru Gram Bharati, Allahabad (Id: U-0532)",0,0,NA,NA,207,203,538,346,6,1,24,25,NA,NA,NA,NA,775,575,1350
"Netaji Subhash Open University, Kolkata (Id: U-0578)",NA,NA,NA,NA,2384,2284,6594,3617,8,7,0,0,0,0,NA,NA,8986,5908,14894
"Nilamber-Pitamber University, Palamu (Id: U-0208)",NA,NA,NA,NA,1711,0,4562,3142,34,0,NA,NA,NA,NA,NA,NA,6307,3142,9449
"NIMS University, Jaipur (Id: U-0415)",2,0,0,0,4631,691,2992,438,856,144,1423,193,NA,NA,0,0,9904,1466,11370
"Nirma University, Ahmedabad (Id: U-0146)",13,6,NA,NA,434,180,639,116,NA,NA,374,112,NA,NA,0,0,1460,414,1874
"NITTE Unversity, Mangalore (Id: U-0239)",0,0,NA,NA,158,123,258,924,NA,NA,NA,NA,NA,NA,NA,NA,416,1047,1463
"Noorul Islam Centre for Higher Education, Kanyakumari (Id: U-0468)",0,0,NA,NA,87,163,240,177,NA,NA,NA,NA,NA,NA,NA,NA,327,340,667
"North Bengal University, Darjeeling (Id: U-0579)",23,7,4,2,2050,2813,18604,19094,14,0,0,47,28,115,232,132,20955,22210,43165
"North Eastern Hill University, Shillong (Id: U-0341)",27,29,2,4,329,567,3898,3259,24,18,NA,NA,NA,NA,NA,NA,4280,3877,8157
"North Eastern Regional Institute of Science & Technology, Papum Pare, Itanagar (Id: U-0046)",4,2,NA,NA,48,40,117,49,NA,NA,95,37,91,24,NA,NA,355,152,507
"North Maharashtra University, Jalgaon (Id: U-0320)",0,0,NA,NA,2147,1866,11574,9887,19,31,132,59,49,110,17,53,13938,12006,25944
"North Orissa University, Mayurbhanj (Id: U-0359)",5,1,50,56,654,368,1696,2861,30,8,NA,NA,NA,NA,NA,NA,2435,3294,5729
"O. P. Jindal Global University, Sonipat (Id: U-0173)",NA,NA,NA,NA,41,10,9,7,NA,NA,NA,NA,NA,NA,NA,NA,50,17,67
ORIENTAL UNIVERSITY (Id: U-0662),NA,NA,NA,NA,0,0,0,0,NA,NA,0,0,NA,NA,NA,NA,0,0,0
"Orissa University of Agriculture & Technology, Bhubaneswar (Id: U-0360)",4,3,NA,NA,109,136,236,234,NA,NA,NA,NA,NA,NA,NA,NA,349,373,722
"Osmania University, Hyderabad (Id: U-0027)",263,154,17,23,18053,13578,37282,40611,164,183,0,0,75,163,344,195,56198,54907,111105
"Padmashree Dr. D. Y. Patil Vidyapeeth, , Mumbai (Id: U-0321)",9,8,8,4,351,227,362,619,3,6,NA,NA,NA,NA,56,0,789,864,1653
"Palamuru University, Mahabubnagar (Id: U-0028)",NA,NA,NA,NA,894,416,1979,1870,NA,NA,26,12,NA,NA,85,37,2984,2335,5319
"Pandhi Dwarka Prasad Mishra Indian Institute of Information Technology & Manufacturing , Jabalpur (Id: U-0286)",0,0,NA,NA,18,2,66,6,NA,NA,NA,NA,NA,NA,NA,NA,84,8,92
"Pandit Deendayal Petroleum University, Gandhi Nagar (Id: U-0147)",0,0,NA,NA,12,0,199,20,0,0,NA,NA,NA,NA,NA,NA,211,20,231
"Panjab University,Chandigarh (Id: U-0078)",0,0,29,79,2047,5797,12710,24958,151,532,322,96,54,55,NA,NA,15313,31517,46830
"Patna University, Patna (Id: U-0074)",NA,NA,NA,NA,902,588,5440,2626,9,42,NA,NA,NA,NA,NA,NA,6351,3256,9607
"PEC University of Technology, Chandigarh (Id: U-0080)",1,1,NA,NA,140,30,309,61,NA,NA,NA,NA,NA,NA,NA,NA,450,92,542
PEOPLES UNIVERSITY (Id: U-0655),NA,NA,NA,NA,0,0,0,0,NA,NA,0,0,NA,NA,NA,NA,0,0,0
"Periyar Maniammal Institute of Science & Technoloyg, Thanjavur (Id: U-0469)",0,0,1,2,143,103,384,147,NA,NA,NA,NA,NA,NA,NA,NA,528,252,780
"Periyar University, Salem (Id: U-0470)",7,13,182,419,2687,3379,9816,16203,19,19,18,25,1,5,NA,NA,12730,20063,32793
"Pondicherry Univeristy, Puducherry (Id: U-0369)",53,32,77,61,3525,1675,1883,2814,0,0,118,35,0,0,17,36,5673,4653,10326
"Ponnaiyah Ramajayam Institute of Science & Technology, Thanjavur (Id: U-0471)",17,6,60,36,277,86,397,93,0,0,NA,NA,NA,NA,NA,NA,751,221,972
"Pravara Institute of Medical Sciences, Ahmednagar (Id: U-0322)",0,0,NA,NA,74,36,199,480,26,9,14,97,0,0,NA,NA,313,622,935
Presidency University (Id: U-0580),NA,NA,NA,NA,136,187,169,256,NA,NA,NA,NA,NA,NA,NA,NA,305,443,748
"Pt. Bhagat Dyal University of Health Science, Rohtak (Id: U-0174)",NA,NA,0,0,251,252,784,1213,NA,NA,90,15,NA,NA,NA,NA,1125,1480,2605
"Pt. Ravishankar Shukla University, Raipur (Id: U-0093)",3,18,72,136,2314,3622,13657,21329,819,803,227,162,24,31,NA,NA,17116,26101,43217
"Pt. Sundarlal Sharma (Open) University, Bilaspur (Id: U-0094)",NA,NA,NA,NA,309,255,899,919,231,238,189,247,NA,NA,NA,NA,1628,1659,3287
"Pune University, Pune (Id: U-0323)",257,132,124,97,15891,11196,61197,50619,385,222,299,289,88,58,323,215,78564,62828,141392
"Punjab Agricultural University, Ludhiana (Id: U-0381)",26,48,NA,NA,237,237,91,38,0,0,NA,NA,NA,NA,0,0,354,323,677
"Punjabi University, Patiala (Id: U-0383)",29,20,75,130,3019,5646,11267,14949,289,573,256,337,75,120,11,7,15021,21782,36803
"Punjab Technical University, Jalandhar (Id: U-0382)",NA,NA,NA,NA,5463,1025,5835,3387,NA,NA,1638,20,NA,NA,NA,NA,12936,4432,17368
"Rabindra Bharati University, Kolkata (Id: U-0581)",12,4,34,35,4855,9382,160,80,0,0,0,0,NA,NA,NA,NA,5061,9501,14562
RAFFLLES UNIVERSITY (Id: U-0640),NA,NA,NA,NA,8,1,71,10,NA,NA,NA,NA,NA,NA,10,0,89,11,100
"Raja Mansingh Tomar Music & Arts University, Gwalior (Id: U-0629)",NA,NA,NA,NA,5,6,21,27,2,1,76,84,0,0,0,0,104,118,222
"Rajasthan Ayurveda University, Jodhpur (Id: U-0418)",30,10,NA,NA,116,48,851,427,NA,NA,1159,562,NA,NA,NA,NA,2156,1047,3203
"Rajasthan Technical University, Kota (Id: U-0419)",0,0,NA,NA,1350,1452,11665,3194,0,0,NA,NA,NA,NA,NA,NA,13015,4646,17661
"Rajasthan University, Jaipur (Id: U-0422)",495,157,398,153,4046,5133,51885,49939,692,352,173,166,471,418,227,262,58387,56580,114967
"Rajasthan University of Health Sciences, Jaipur (Id: U-0420)",16,4,NA,NA,257,65,1071,343,12,22,673,94,NA,NA,NA,NA,2029,528,2557
"Rajasthan University of Veterinary and Animal Sciences, Bikaner (Id: U-0421)",0,0,NA,NA,76,15,292,67,NA,NA,2534,181,NA,NA,NA,NA,2902,263,3165
"Rajendra Agricultural University, Samastipur (Id: U-0075)",3,4,NA,NA,54,36,63,19,NA,NA,NA,NA,NA,NA,NA,NA,120,59,179
"Rajiv Gandhi Institute of Petroleum Technology, Rae Bareli (Id: U-0535)",NA,NA,NA,NA,29,9,0,0,NA,NA,NA,NA,NA,NA,NA,NA,29,9,38
"Rajiv Gandhi National Instiute of Youth Development, Sriperumbudur (Id: U-0472)",NA,NA,NA,NA,38,22,NA,NA,NA,NA,NA,NA,NA,NA,NA,NA,38,22,60
"Rajiv Gandhi Prodoyogiki Vishwavidyalaya, Bhopal (Id: U-0287)",NA,NA,NA,NA,1016,449,4352,1202,NA,NA,132,41,NA,NA,NA,NA,5500,1692,7192
"Rajiv Gandhi University, Itanagar (Id: U-0047)",19,9,19,14,159,166,1040,1228,24,16,NA,NA,NA,NA,NA,NA,1261,1433,2694
"Rajiv Gandhi University of Health Sciences, Bangalore (Id: U-0240)",12,2,NA,NA,2661,2964,10186,25308,158,223,406,1166,147,250,4,36,13574,29949,43523
"Rajmata Vijayaraje Scindia Krishi Vishwa Vidyalaya, Gwalior (Id: U-0288)",0,1,NA,NA,133,34,251,88,NA,NA,NA,NA,NA,NA,NA,NA,384,123,507
"Rakshashakti University, Gujarat (Id: U-0595)",NA,NA,NA,NA,NA,NA,NA,NA,18,3,116,4,NA,NA,NA,NA,134,7,141
"Ramakrishna Mission Vivekananda Educational and Research Institute, Howrah (Id: U-0582)",1,1,9,1,63,34,263,147,NA,NA,101,58,103,42,4,0,544,283,827
"Ranchi University, Ranchi (Id: U-0209)",169,226,NA,NA,1407,3016,1460,10105,71,139,9,52,1,27,NA,NA,3117,13565,16682
"Rani Channamma University, Belagavi (Id: U-0602)",NA,NA,NA,NA,669,392,18502,13579,24,28,NA,NA,51,0,NA,NA,19246,13999,33245
"Rani Durgavati Vishwavidyalaya, Jabalpur (Id: U-0289)",34,14,198,118,2232,3155,19013,25910,62,50,173,94,NA,NA,7,5,21719,29346,51065
"Rashtrasant Tukadoji Maharaj Nagpur University, Nagpur (Id: U-0332)",4,1,4,6,2448,3140,10740,13111,64,73,5,2,21,62,8,43,13294,16438,29732
"Rashtriya Sanskrit Sansthan, New Delhi (Id: U-0115)",20,1,NA,NA,381,491,1702,701,NA,NA,NA,NA,NA,NA,NA,NA,2103,1193,3296
"Rastriya Sanskrit Vidyapeeth, Tirupathi (Id: U-0030)",35,13,27,13,164,82,319,127,11,12,3,1,NA,NA,NA,NA,559,248,807
"Ravenshaw University, Cuttak (Id: U-0361)",13,2,36,50,317,566,678,948,NA,NA,NA,NA,NA,NA,NA,NA,1044,1566,2610
"Rayalaseema, University Kurnool (Id: U-0031)",NA,NA,NA,NA,762,350,1031,512,NA,NA,NA,NA,NA,NA,7,2,1800,864,2664
RKDF UNIVERSITY (Id: U-0652),NA,NA,NA,NA,0,0,0,0,NA,NA,0,0,NA,NA,NA,NA,0,0,0
"R K University, Rajkot (Id: U-0647)",NA,NA,NA,NA,150,72,255,149,NA,NA,0,0,NA,NA,NA,NA,405,221,626
"Sambalpur University, Sambalpur (Id: U-0362)",16,5,70,88,412,440,2761,3051,128,11,0,0,NA,NA,NA,NA,3387,3595,6982
"Sam Higginbottom Institute of Agriculture, Technology & Sciences, Allahabad (Id: U-0536)",42,16,0,1,9718,4647,8255,3678,907,503,151,68,NA,NA,4,3,19077,8916,27993
"Sampurnanand Sanskrit Vishwavidyalaya, Varanasi (Id: U-0537)",0,0,NA,NA,4952,4647,19914,31514,NA,NA,NA,NA,3,0,22,18,24891,36179,61070
"Sant Gadge Baba Amravati University, Amravati (Id: U-0324)",4,1,1,8,1204,1592,8615,9138,21,20,80,240,121,174,47,45,10093,11218,21311
"Sant Longowal Institute of Engg. & Tech., Longowal (Id: U-0384)",NA,NA,NA,NA,85,43,273,49,NA,NA,214,94,187,61,NA,NA,759,247,1006
"Santosh University, Ghaziabad (Id: U-0539)",NA,NA,NA,NA,25,31,18,50,9,3,23,0,NA,NA,NA,NA,75,84,159
"Sardarkrushinagar Dantiwada Agricultural University, Banaskantha (Id: U-0150)",26,12,NA,NA,72,38,222,110,NA,NA,NA,NA,NA,NA,NA,NA,320,160,480
"Sardar Patel University, Vallabh Vidyanagar (Id: U-0148)",13,11,11,12,3733,2838,8453,5169,186,150,233,209,300,298,270,391,13199,9078,22277
"Sardar Vallabhbhai National Institute of Technology, Surat (Id: U-0149)",0,0,NA,NA,274,0,340,85,NA,NA,NA,NA,NA,NA,0,0,614,85,699
"Sardar Vallabh Bhai Patel University of Agriculture & Technology, Meerut (Id: U-0540)",8,0,NA,NA,50,10,106,25,NA,NA,NA,NA,NA,NA,NA,NA,164,35,199
"Sarguja University, Ambikapur (Id: U-0095)",NA,NA,NA,NA,153,342,1775,4336,103,106,101,49,NA,NA,33,62,2165,4895,7060
"Satavahana University, Karimnagar (Id: U-0032)",NA,NA,NA,NA,724,573,2939,3640,NA,NA,NA,NA,NA,NA,NA,NA,3663,4213,7876
"Sathyabama Institute of Science & Technology, Chennai (Id: U-0474)",NA,NA,0,0,452,292,970,535,NA,NA,NA,NA,NA,NA,NA,NA,1422,827,2249
"Saurashtra University, Rajkot (Id: U-0151)",3,1,NA,NA,1909,2591,40661,51155,697,905,88,279,1951,682,0,100,45309,55713,101022
"Saveetha University, Chennai (Id: U-0475)",0,0,NA,NA,86,106,317,606,NA,NA,NA,NA,0,0,NA,NA,403,712,1115
School of Planning & Architecture Bhopal (Id: U-0626),0,0,NA,NA,0,0,0,0,NA,NA,NA,NA,NA,NA,NA,NA,0,0,0
"School of Planning & Architecture, New Delhi (Id: U-0116)",2,3,NA,NA,82,83,53,37,NA,NA,NA,NA,NA,NA,NA,NA,137,123,260
School of Planning & Architecture Vijaywada (Id: U-0627),NA,NA,NA,NA,NA,NA,0,0,NA,NA,NA,NA,NA,NA,NA,NA,0,0,0
"Shanmugha Arts, Science, Technology & Reserch Academy (SASTRA), Thanjavur (Id: U-0476)",NA,NA,NA,NA,545,675,2065,1607,NA,NA,NA,NA,NA,NA,5,23,2615,2305,4920
"Sharda University, Gautam Budh Nagar (Id: U-0541)",0,0,NA,NA,10,0,0,0,NA,NA,0,0,NA,NA,NA,NA,10,0,10
"Sher-e-Kashmir University of Agricultural Science & Technology of Jammu, Jammu (Id: U-0199)",6,3,NA,NA,53,19,24,14,NA,NA,NA,NA,NA,NA,NA,NA,83,36,119
Shiksha 'O' Anusandhan (Id: U-0363),0,0,NA,NA,221,132,861,395,NA,NA,NA,NA,NA,NA,NA,NA,1082,527,1609
"Shivaji University, Kolhapur (Id: U-0325)",134,37,67,68,5430,7638,25896,29165,10,105,274,304,26,37,NA,NA,31837,37354,69191
SHIV NADAR UNIVERSITY (Id: U-0642),NA,NA,NA,NA,0,0,0,0,NA,NA,NA,NA,NA,NA,NA,NA,0,0,0
"Shobit Institute of Engineering & Technology, Meerut (Id: U-0542)",9,5,9,14,49,25,126,38,NA,NA,NA,NA,NA,NA,1,8,194,90,284
"Shoolini University of Bio Technology and Management Sciences, Oachghat, Solan (Id: U-0190)",0,0,0,0,26,11,0,0,NA,NA,NA,NA,NA,NA,NA,NA,26,11,37
"Shree Sankaracharya Univeristy of Sanskrit, Kalady (Id: U-0265)",19,25,NA,NA,106,410,31,149,NA,NA,0,9,NA,NA,34,54,190,647,837
"Shree Somnath Sanskrit University, Junagarh (Id: U-0152)",7,4,0,1,214,21,477,11,21,8,248,125,1,1,NA,NA,968,171,1139
"Shri Jagannath Sanskrit Vishwavidyalaya, Puri (Id: U-0364)",1,0,17,26,53,111,360,434,NA,NA,NA,NA,0,0,0,0,431,571,1002
"Shri Lal Bhadur Shashtri Rashtriya Sanskrit Vidyapith, New Delhi (Id: U-0117)",7,1,0,0,99,26,264,80,7,0,13,2,13,0,NA,NA,403,109,512
"Shri Mata Vaishno Devi University, Jammu (Id: U-0201)",1,2,NA,NA,97,74,160,28,NA,NA,NA,NA,NA,NA,NA,NA,258,104,362
Sidho-Kanho Birsa University (Id: U-0583),NA,NA,NA,NA,0,0,NA,NA,NA,NA,NA,NA,NA,NA,NA,NA,0,0,0
"Sido Kanhu Murmu University, Dumka (Id: U-0210)",42,10,NA,NA,944,351,10240,5951,NA,NA,NA,NA,NA,NA,NA,NA,11226,6312,17538
"Sikkim Manipal University, Gangtok (Id: U-0431)",NA,NA,NA,NA,101,75,478,241,NA,NA,NA,NA,NA,NA,NA,NA,579,316,895
"Sikkim University, Gangtok (Id: U-0430)",NA,NA,0,0,109,48,1200,1444,NA,NA,77,10,NA,NA,14,23,1400,1525,2925
"Sir Padampat Singhania University, Udaipur (Id: U-0426)",0,0,NA,NA,24,12,70,16,NA,NA,NA,NA,NA,NA,0,0,94,28,122
"Smt. Nathibai Damodar Thackersey Women's Univeristy, Mumbai (Id: U-0326)",0,22,0,0,1,666,132,6450,0,98,32,72,0,37,NA,NA,165,7345,7510
"Solapur University, Solapur (Id: U-0327)",2,0,6,7,1768,1269,8880,6422,15,21,24,25,79,104,NA,NA,10774,7848,18622
"South Asian University, JNU Campus, New Delhi (Id: U-0118)",NA,NA,NA,NA,0,0,NA,NA,NA,NA,NA,NA,NA,NA,NA,NA,0,0,0
"Sree Chitra Tirunal Institute for Medical Sciences and Technology, Thiruvananthapuram (Id: U-0266)",34,0,17,0,8,6,NA,NA,NA,NA,48,0,18,0,NA,NA,125,6,131
"Sri Balajai Vidyapeeth Mahatma Gandhi Medical College, Puducherry (Id: U-0370)",NA,NA,NA,NA,1,17,58,163,NA,NA,NA,NA,NA,NA,NA,NA,59,180,239
"Sri Chandrasekharendra Saraswathi Vishwa Mahavidyalaya, Kancheepuram (Id: U-0477)",17,5,35,42,127,53,473,232,NA,NA,NA,NA,NA,NA,NA,NA,652,332,984
"Sri Devraj Urs Acaedmy of Highehr Education and Research, Kolar (Id: U-0241)",0,0,NA,NA,22,10,59,66,7,6,NA,NA,2,0,NA,NA,90,82,172
"Sri Guru Granth Sahib World University, Fatehgarh Sahib (Id: U-0606)",NA,NA,NA,NA,0,0,NA,NA,NA,NA,NA,NA,NA,NA,0,0,0,0,0
"Sri Krishnadevaraya University, Anantapur (Id: U-0033)",4,0,0,0,3794,2905,2155,1612,37,33,NA,NA,NA,NA,NA,NA,5990,4550,10540
"Sri Padmavathi Mahila Visva Vidyalayam, Tirupathi (Id: U-0034)",0,40,0,5,0,626,0,851,0,0,NA,NA,NA,NA,NA,NA,0,1522,1522
"Sri Ramachandra Medical College and Research Institute, Chennai (Id: U-0478)",4,4,2,4,90,165,99,283,NA,NA,NA,NA,NA,NA,NA,NA,195,456,651
"Sri Sai University, Palampur (Id: U-0599)",NA,NA,NA,NA,0,0,0,0,NA,NA,0,0,NA,NA,NA,NA,0,0,0
"Sri Satya Sai Institute of Higher Learning, Anantpur (Id: U-0035)",0,0,8,0,92,16,135,111,NA,NA,NA,NA,NA,NA,0,0,235,127,362
Sri Siddharatha Acedemy of Higher Education (Id: U-0242),0,0,NA,NA,36,21,0,0,NA,NA,NA,NA,NA,NA,NA,NA,36,21,57
SRI SRI UNIVERSITY (Id: U-0649),NA,NA,NA,NA,0,0,NA,NA,NA,NA,NA,NA,NA,NA,NA,NA,0,0,0
"Sri Venkateswara Institute of Medical Sciences, Tirupathi (Id: U-0036)",11,0,NA,NA,37,60,26,73,5,6,0,0,0,5,NA,NA,79,144,223
"Sri Venkateswara University, Tirupathy (Id: U-0037)",0,3,0,0,9751,4713,8687,6171,314,239,NA,NA,NA,NA,409,78,19161,11204,30365
"Sri Venkateswara Vedic University, Tirpupathi (Id: U-0038)",4,0,0,0,38,0,128,0,NA,NA,0,0,NA,NA,NA,NA,170,0,170
"Sri Venkateswara Veterinary University, Tirupathi (Id: U-0039)",10,5,NA,NA,25,20,159,79,NA,NA,NA,NA,NA,NA,NA,NA,194,104,298
"S.R.M. Institute of Science & Technology, Chennai (Id: U-0473)",18,9,12,7,1839,834,2451,1141,NA,NA,53,0,NA,NA,NA,NA,4373,1991,6364
"St. Peter's Institute of Higher Education and Research, Chennai (Id: U-0479)",0,0,25,53,333,160,17,9,NA,NA,NA,NA,NA,NA,NA,NA,375,222,597
"Sumandeep Vidyappeth, Vadodara (Id: U-0154)",0,0,NA,NA,0,0,0,0,0,0,0,0,0,0,NA,NA,0,0,0
"Suresh Gyan Vihar Univeristy, Jaipur (Id: U-0427)",0,0,NA,NA,737,89,70,0,68,25,NA,NA,NA,NA,NA,NA,875,114,989
"Swami Ramanand Teerth Marathwada University, Nanded (Id: U-0328)",83,29,15,5,2799,2118,10273,6698,142,36,99,86,40,30,118,60,13569,9062,22631
"Swami Vivekananda Subharti University, Meerut (Id: U-0543)",0,0,0,1,457,361,560,402,1495,597,10,2,NA,NA,0,0,2522,1363,3885
"Swami Vivekananda Yoga Anusandhana Samsthan, Bangalore (Id: U-0243)",0,0,0,0,11,11,21,9,0,0,NA,NA,0,0,NA,NA,32,20,52
"SYMBIOSIS International University, Pune (Id: U-0329)",NA,NA,NA,NA,1141,766,538,501,191,114,135,171,0,0,NA,NA,2005,1552,3557
"Tamilnadu Agricultural University, Coimbatore (Id: U-0485)",102,69,NA,NA,289,341,860,672,NA,NA,93,27,NA,NA,NA,NA,1344,1109,2453
"Tamil Nadu Dr. Ambedkar Law University, Chennai (Id: U-0480)",NA,NA,NA,NA,0,0,862,422,0,0,NA,NA,22,0,NA,NA,884,422,1306
"Tamil Nadu Dr. M.G.R. Medical University , Chennai (Id: U-0481)",6,12,NA,NA,1051,1436,4342,12512,58,97,209,2105,61,334,NA,NA,5727,16496,22223
"Tamil Nadu Open University, Chennai (Id: U-0482)",NA,NA,NA,NA,1607,1565,9753,8957,63,23,408,2145,10,13,NA,NA,11841,12703,24544
"Tamilnadu Physical Education and Sports University, Chennai (Id: U-0486)",3,1,81,41,260,125,444,235,446,230,220,26,72,29,NA,NA,1526,687,2213
"Tamil Nadu Teacher Education University, Chennai (Id: U-0483)",8,7,49,121,984,2238,13505,44886,NA,NA,109,253,NA,NA,39,76,14694,47581,62275
"Tamilnadu Veterinary & Animal Sciences University, Chennai (Id: U-0487)",7,5,1,5,39,14,94,63,23,3,NA,NA,NA,NA,NA,NA,164,90,254
"Tamil Univesity, Thanjavur (Id: U-0484)",52,48,31,46,532,601,581,1007,6,8,9,31,175,417,NA,NA,1386,2158,3544
"Tata Institute of Fundamental Research, Mumbai (Id: U-0330)",17,5,NA,NA,1,6,NA,NA,NA,NA,NA,NA,NA,NA,1,0,19,11,30
"Tata Institute of Social Sciences, Mumbai (Id: U-0331)",NA,NA,NA,NA,206,245,23,10,NA,NA,NA,NA,NA,NA,NA,NA,229,255,484
"Teerthanker Mahaveer University, Moradabad (Id: U-0544)",0,0,NA,NA,203,72,211,232,10,2,21,1,4,6,0,0,449,313,762
"Telangana University, Nizamabad (Id: U-0040)",NA,NA,NA,NA,491,200,1282,1485,NA,NA,NA,NA,NA,NA,0,0,1773,1685,3458
"TERI School of Advanced Studies, New Delhi (Id: U-0119)",NA,NA,NA,NA,111,125,NA,NA,11,1,NA,NA,NA,NA,NA,NA,122,126,248
"Tezpur University, Tezpur (Id: U-0056)",22,10,NA,NA,197,207,60,17,6,9,NA,NA,11,0,0,0,296,243,539
"Thapar Institute of Engineering and Technology, Patiala (Id: U-0385)",21,9,0,0,345,228,526,100,NA,NA,NA,NA,NA,NA,0,0,892,337,1229
"The Bengal Engineering & Science University, Howrah (Id: U-0584)",25,12,NA,NA,274,112,401,48,NA,NA,NA,NA,NA,NA,NA,NA,700,172,872
"The English and Foreign Languages University, Hyderabad (Id: U-0041)",28,19,62,58,237,412,71,65,158,267,NA,NA,NA,NA,NA,NA,556,821,1377
"The Global Open University Nagaland, Dimapur (Id: U-0348)",NA,NA,NA,NA,3112,1896,1931,1062,0,0,7,8,NA,NA,NA,NA,5050,2966,8016
"The Institute of Chartered Financial Analysts of India University, Agartala (Id: U-0494)",NA,NA,NA,NA,NA,NA,258,143,NA,NA,NA,NA,NA,NA,NA,NA,258,143,401
"The Institute of Chartered Financial Analysts of India University, Dimapur (Id: U-0349)",NA,NA,NA,NA,3,8,34,13,NA,NA,NA,NA,NA,NA,NA,NA,37,21,58
"The Institute of Chartered Financial Analysts of India University, Sikkim (Id: U-0432)",NA,NA,NA,NA,1497,0,41,55,NA,NA,NA,NA,NA,NA,NA,NA,1538,55,1593
"The Institute of Chartered Financial Ayalysts of India University, Ranchi (Id: U-0211)",NA,NA,NA,NA,41,24,0,0,NA,NA,NA,NA,NA,NA,NA,NA,41,24,65
"The Rajiv Gandhi National University of Law, Patiala (Id: U-0386)",0,0,NA,NA,0,1,NA,NA,NA,NA,NA,NA,NA,NA,52,21,52,22,74
"The West Bengal National University of Juridicial Sciences, Kolkata (Id: U-0585)",0,1,1,0,3,9,54,39,26,13,NA,NA,NA,NA,NA,NA,84,62,146
"The West Bengal University of Health Sciences, Kolkata (Id: U-0586)",10,4,NA,NA,416,266,1391,1602,135,72,44,67,0,81,NA,NA,1996,2092,4088
"Thiruvalluvar Univeristy, Vellore (Id: U-0488)",9,3,278,433,861,1546,8544,14646,NA,NA,20,15,NA,NA,NA,NA,9712,16643,26355
"Tilak Maharashtra Vidyapeeth, Pune (Id: U-0333)",0,0,0,0,683,519,2378,1249,4,0,241,188,338,92,NA,NA,3644,2048,5692
"T.M. Bhagalpur University, Bhagalpur (Id: U-0076)",429,123,NA,NA,1891,861,8294,4207,NA,NA,NA,NA,NA,NA,NA,NA,10614,5191,15805
"Tripura University, Agartala (Id: U-0495)",10,3,NA,NA,527,491,4676,6006,49,35,284,243,NA,NA,NA,NA,5546,6778,12324
"Tumkur University, Tumkur (Id: U-0244)",NA,NA,NA,NA,745,500,5471,7704,NA,NA,NA,NA,NA,NA,44,9,6260,8213,14473
"University of Agricultural Sciences, Bangalore (Id: U-0248)",72,40,NA,NA,224,162,283,228,NA,NA,40,59,NA,NA,NA,NA,619,489,1108
"University of Agricultural Sciences, Dharwad (Id: U-0246)",30,38,NA,NA,264,212,851,701,NA,NA,160,65,NA,NA,NA,NA,1305,1016,2321
"University of Agricultural Sciences, Raichur (Id: U-0247)",NA,NA,NA,NA,40,26,113,20,NA,NA,NA,NA,NA,NA,NA,NA,153,46,199
"University of Allahabad, Allahabad (Id: U-0548)",89,50,NA,NA,2426,18,7062,9110,112,107,49,33,800,689,417,0,10955,10007,20962
University of Delhi (Id: U-0120),137,198,120,145,2163,2604,57940,26634,214,260,282,223,183,293,NA,NA,61039,30357,91396
"University of Gour Banga, Malda (Id: U-0571)",NA,NA,NA,NA,869,504,15502,13576,NA,NA,165,231,NA,NA,63,43,16599,14354,30953
"University of Horticultural Sciences, Bagalkot (Id: U-0245)",19,6,NA,NA,36,12,88,55,NA,NA,NA,NA,NA,NA,NA,NA,143,73,216
"University of Hyderabad, Hyderabad (Id: U-0042)",0,0,0,0,470,269,0,0,245,87,NA,NA,NA,NA,48,25,763,381,1144
"University of Jammu, Jammu Tawi (Id: U-0195)",30,30,44,14,3888,940,10565,14556,6,39,NA,NA,NA,NA,NA,NA,14533,15579,30112
"University of Kashmir, Srinagar (Id: U-0196)",0,0,0,0,2233,2264,17208,18930,90,41,73,49,NA,NA,236,234,19840,21518,41358
"University of Patanjali, Patanjali Yogpeeth, Haridwar (Id: U-0563)",NA,NA,NA,NA,33,16,0,0,17,14,NA,NA,NA,NA,NA,NA,50,30,80
UNIVERSITY OF SCIENCE AND TECHNOLOGY (Id: U-0639),NA,NA,NA,NA,0,0,NA,NA,NA,NA,NA,NA,NA,NA,NA,NA,0,0,0
"University of Technology & Management, Shillong (Id: U-0605)",NA,NA,NA,NA,0,0,NA,NA,NA,NA,NA,NA,NA,NA,NA,NA,0,0,0
"UP Pandit Deen Dayal Upadhyaya Veterinary University & Gau-Anusandhan Sansthan, Mathura (Id: U-0534)",2,0,NA,NA,19,6,56,13,NA,NA,NA,NA,NA,NA,NA,NA,77,19,96
"U.P. Rajarshi Tandon Open University, Allahabad (Id: U-0546)",NA,NA,NA,NA,319,387,1036,686,377,173,160,126,NA,NA,NA,NA,1892,1372,3264
"Utkal University, Bhubaneswar (Id: U-0366)",118,41,77,113,564,691,2991,5366,NA,NA,NA,NA,NA,NA,NA,NA,3750,6211,9961
"Utkal University of Culture, Bhubaneswar (Id: U-0365)",NA,NA,NA,NA,116,87,44,55,NA,NA,NA,NA,NA,NA,NA,NA,160,142,302
Uttarakhand Open University (Id: U-0623),NA,NA,NA,NA,2223,2310,791,579,101,64,254,59,NA,NA,NA,NA,3369,3012,6381
"UTTARAKHAND UNIVERSITY OF HORTICULTURE AND FORESTRY, BHARSAR (Id: U-0654)",NA,NA,NA,NA,NA,NA,0,0,NA,NA,NA,NA,NA,NA,NA,NA,0,0,0
"Uttaranchal Sanskrit University, Hardwar (Id: U-0565)",NA,NA,NA,NA,128,46,99,25,NA,NA,36,0,NA,NA,NA,NA,263,71,334
"Uttar Banga Krishi Vishwavidyalaya, Cooch Behar (Id: U-0587)",2,1,NA,NA,8,0,43,19,NA,NA,NA,NA,NA,NA,NA,NA,53,20,73
UTTAR PRADESH VIKLANG UDDHAR DR SHAKUNTALA MISRA UNIVERSITY (Id: U-0512),NA,NA,NA,NA,28,38,76,75,NA,NA,NA,NA,NA,NA,NA,NA,104,113,217
"Uttrakhand Technical University, Dehradun (Id: U-0566)",6,3,NA,NA,1588,763,4055,1565,35,15,0,0,NA,NA,NA,NA,5684,2346,8030
"Vardhman Mahaveer Open University, Kota (Id: U-0428)",NA,NA,NA,NA,5868,0,14645,0,460,0,397,0,NA,NA,NA,NA,21370,0,21370
"Veer Bahadur Singh Purvanchal University, Jaunpur (Id: U-0550)",7,16,NA,NA,1057,1330,5583,7197,NA,NA,45,41,21,24,NA,NA,6713,8608,15321
"Veer Kunwar Singh University, Arrah (Id: U-0077)",0,0,NA,NA,1796,1174,57616,38804,NA,NA,NA,NA,NA,NA,NA,NA,59412,39978,99390
"Veer Narmad South Gujarat University, Surat (Id: U-0153)",4,2,9,7,1860,3661,19509,26127,43,67,7,156,NA,NA,53,102,21485,30122,51607
"Veer Surendra Sai University of Technology, Sambalpur (Id: U-0367)",0,0,NA,NA,70,20,199,76,NA,NA,NA,NA,NA,NA,NA,NA,269,96,365
"Vellore Institute of Technology, Vellore (Id: U-0490)",40,24,NA,NA,1695,985,6420,2095,NA,NA,NA,NA,NA,NA,780,854,8935,3958,12893
"Vel's Institute of Science, Technoloyg and Advanced Studies, Chennai (Id: U-0491)",0,0,4,3,345,167,176,22,NA,NA,0,0,0,0,NA,NA,525,192,717
"Vel Tech Rangarajan Dr. Sagunthala R & D Institute of Science & Technology, Chennai (Id: U-0489)",0,1,NA,NA,147,86,0,0,NA,NA,NA,NA,NA,NA,NA,NA,147,87,234
"Vesveswaraiah Technological University, Belgaum (Id: U-0249)",184,31,NA,NA,6398,4263,39157,20743,0,0,NA,NA,NA,NA,345,1,46084,25038,71122
"Vidya Sagar University, Midnapore (Id: U-0588)",35,9,3,3,4353,4437,20838,16607,48,24,204,98,142,40,16,9,25639,21227,46866
"Vignan's Foundation of Science, Technology & Research, Guntur (Id: U-0043)",0,0,NA,NA,240,0,0,0,NA,NA,NA,NA,NA,NA,NA,NA,240,0,240
"Vijayanagara Sri Krishnadevaraya University, Bellary (Id: U-0603)",0,0,0,0,375,162,3638,2857,0,0,NA,NA,NA,NA,NA,NA,4013,3019,7032
"Vikram Simhapuri University, Nellore (Id: U-0044)",0,0,NA,NA,1433,1096,5942,5240,NA,NA,NA,NA,NA,NA,0,0,7375,6336,13711
"Vikram University, Ujjain (Id: U-0291)",88,72,125,164,1822,2037,13316,15798,71,32,43,19,11,18,NA,NA,15476,18140,33616
"VINAYAKA MISSIONs RESEARCH FOUNDATION, SALEM (Id: U-0492)",114,46,0,1,15980,7462,22019,9790,811,438,2048,709,189,202,0,0,41161,18648,59809
"Vinayaka Missions Sikkim University, Tadong (Id: U-0433)",NA,NA,NA,NA,NA,NA,61,48,NA,NA,3,24,NA,NA,NA,NA,64,72,136
"Vinoba Bhave University, Hazaribagh (Id: U-0212)",NA,NA,NA,NA,719,808,12858,8076,NA,NA,NA,NA,73,57,NA,NA,13650,8941,22591
"Visva Bharati, Shantiniketan (Id: U-0589)",65,41,7,9,364,308,298,276,NA,NA,1,0,82,92,0,0,817,726,1543
"Visvesvaraya National Institute of Technology, Nagpur (Id: U-0334)",NA,NA,NA,NA,144,29,363,99,NA,NA,NA,NA,NA,NA,NA,NA,507,128,635
"West Bengal State University, Kolkata (Id: U-0590)",NA,NA,NA,NA,632,644,12376,13134,NA,NA,NA,NA,18,8,NA,NA,13026,13786,26812
"West Bengal University of Animal and Fishery Sciences, Kolkata (Id: U-0591)",2,0,NA,NA,40,19,70,20,NA,NA,NA,NA,NA,NA,NA,NA,112,39,151
"West Bengal University of Technology, Kolkata (Id: U-0592)",11,0,NA,NA,2860,1205,23371,7098,1,7,28,8,NA,NA,6,2,26277,8320,34597
"William Carey University, Shillong (Id: U-0628)",0,1,NA,NA,4,4,NA,NA,NA,NA,NA,NA,0,1,NA,NA,4,6,10
Yashwant Rao Chavan Maharashtra Open University (Id: U-0335),NA,NA,NA,NA,793,517,18216,13120,2,0,4651,2660,NA,NA,NA,NA,23662,16297,39959
"Yenepoya University, Mangalore (Id: U-0250)",0,0,NA,NA,41,35,28,113,NA,NA,NA,NA,NA,NA,NA,NA,69,148,217
YMCA University of Science & Technology (Id: U-0175),0,0,NA,NA,53,57,206,86,NA,NA,NA,NA,NA,NA,NA,NA,259,143,402
"Yogi Vemana University, Kadapa (Id: U-0045)",NA,NA,NA,NA,84,129,4032,3209,NA,NA,177,127,NA,NA,NA,NA,4293,3465,7758
All,13659,7754,9581,11036,575206,533561,2751509,2693886,52834,31028,71218,39373,15852,15718,11826,8305,3501685,3340661,6842346
